insert into authors (id, first_name, last_name) values (1, 'Jonathan', 'Matua');
insert into authors (id, first_name, last_name) values (2, 'Ellsworth', 'Sycamore');
insert into authors (id, first_name, last_name) values (3, 'Magdalen', 'Sorley');
insert into authors (id, first_name, last_name) values (4, 'Drusilla', 'Leadstone');
insert into authors (id, first_name, last_name) values (5, 'Timmy', 'Wallsworth');
insert into authors (id, first_name, last_name) values (6, 'Linell', 'Lettington');
insert into authors (id, first_name, last_name) values (7, 'Connie', 'Hamberstone');
insert into authors (id, first_name, last_name) values (8, 'Ericha', 'Algore');
insert into authors (id, first_name, last_name) values (9, 'Zack', 'Bartocci');
insert into authors (id, first_name, last_name) values (10, 'Oralle', 'Mabson');
insert into authors (id, first_name, last_name) values (11, 'Lionello', 'Kynd');
insert into authors (id, first_name, last_name) values (12, 'Leonidas', 'Hollows');
insert into authors (id, first_name, last_name)
values (13, 'Lewes', 'Kapelhof');
insert into authors (id, first_name, last_name)
values (14, 'Tucky', 'Mephan');
insert into authors (id, first_name, last_name)
values (15, 'Anatola', 'Blaise');
insert into authors (id, first_name, last_name)
values (16, 'Salim', 'Ciric');
insert into authors (id, first_name, last_name)
values (17, 'Adelbert', 'Laidel');
insert into authors (id, first_name, last_name)
values (18, 'Stephine', 'Toffanini');
insert into authors (id, first_name, last_name)
values (19, 'Normy', 'Spatarul');
insert into authors (id, first_name, last_name)
values (20, 'Carmelina', 'Vyvyan');
insert into authors (id, first_name, last_name)
values (21, 'Baldwin', 'Boxer');

insert into users (id, balance, hash, name, reg_time)
values (1, 1.01, '43386-530', 'Benedikt Stilgoe', '15/03/2021');
insert into users (id, balance, hash, name, reg_time)
values (2, 98.81, '36987-3189', 'Jarvis Targe', '24/09/2019');
insert into users (id, balance, hash, name, reg_time)
values (3, 61.51, '68788-0839', 'Stefa Saenz', '16/06/2019');
insert into users (id, balance, hash, name, reg_time)
values (4, 65.71, '68001-130', 'Garwood Wilkin', '15/03/2020');
insert into users (id, balance, hash, name, reg_time)
values (5, 50.14, '67457-478', 'Kenn Guyton', '25/02/2019');
insert into users (id, balance, hash, name, reg_time)
values (6, 31.31, '50436-9974', 'Alanson Gilcriest', '27/08/2020');
insert into users (id, balance, hash, name, reg_time)
values (7, 20.46, '51060-058', 'Husain Onions', '27/11/2019');
insert into users (id, balance, hash, name, reg_time)
values (8, 48.09, '51852-101', 'Nikoletta Gillford', '15/04/2019');
insert into users (id, balance, hash, name, reg_time)
values (9, 65.84, '53113-104', 'Cchaddie Vuitte', '27/10/2019');
insert into users (id, balance, hash, name, reg_time)
values (10, 31.36, '62847-002', 'Pammy Patise', '19/07/2020');
insert into users (id, balance, hash, name, reg_time)
values (11, 22.53, '55154-5481', 'Henka Mander', '30/10/2019');
insert into users (id, balance, hash, name, reg_time)
values (12, 33.01, '68084-505', 'Kristian Dwelling', '21/06/2020');
insert into users (id, balance, hash, name, reg_time)
values (13, 67.85, '53603-1004', 'Jorry Stansbie', '08/06/2019');
insert into users (id, balance, hash, name, reg_time)
values (14, 94.49, '16714-362', 'Stevana Yakunchikov', '14/07/2020');
insert into users (id, balance, hash, name, reg_time)
values (15, 63.96, '58177-312', 'Vivi Frankland', '20/12/2019');
insert into users (id, balance, hash, name, reg_time)
values (16, 96.58, '66993-185', 'Josephina Brothwood', '01/02/2021');
insert into users (id, balance, hash, name, reg_time)
values (17, 57.68, '52959-540', 'Zita Cockitt', '03/02/2020');
insert into users (id, balance, hash, name, reg_time)
values (18, 23.59, '57955-2311', 'Bailie Matovic', '27/07/2020');
insert into users (id, balance, hash, name, reg_time)
values (19, 68.36, '16590-478', 'Othelia Mingus', '30/01/2021');
insert into users (id, balance, hash, name, reg_time)
values (20, 99.94, '55154-1951', 'Ashla Hulland', '20/03/2020');
insert into users (id, balance, hash, name, reg_time)
values (21, 60.58, '51389-250', 'Beatriz Cumpton', '11/10/2020');
insert into users (id, balance, hash, name, reg_time)
values (22, 56.6, '49795-227', 'Malinda Carbry', '22/07/2019');
insert into users (id, balance, hash, name, reg_time)
values (23, 74.45, '37205-476', 'Ethel Francioli', '14/03/2019');
insert into users (id, balance, hash, name, reg_time)
values (24, 24.0, '0093-0248', 'Lorrie Forbear', '11/02/2019');
insert into users (id, balance, hash, name, reg_time)
values (25, 31.65, '16714-522', 'Katerine Casebourne', '19/06/2020');
insert into users (id, balance, hash, name, reg_time)
values (26, 50.59, '63323-280', 'Candice Milbourn', '07/12/2020');
insert into users (id, balance, hash, name, reg_time)
values (27, 43.29, '17271-501', 'Orelee Astlatt', '10/07/2020');
insert into users (id, balance, hash, name, reg_time)
values (28, 58.03, '0603-2949', 'Laughton Bynold', '23/03/2019');
insert into users (id, balance, hash, name, reg_time)
values (29, 73.88, '59779-044', 'Thorny Loidl', '17/05/2020');
insert into users (id, balance, hash, name, reg_time)
values (30, 92.24, '0268-1322', 'Mitzi O''Cannovane', '17/04/2020');
insert into users (id, balance, hash, name, reg_time)
values (31, 81.84, '51997-035', 'Raynard Jolliss', '25/01/2021');
insert into users (id, balance, hash, name, reg_time)
values (32, 74.98, '65692-0263', 'Sonja Skep', '27/12/2020');
insert into users (id, balance, hash, name, reg_time)
values (33, 80.34, '65364-110', 'Misti Rayworth', '05/06/2019');
insert into users (id, balance, hash, name, reg_time)
values (34, 41.66, '36800-630', 'Ranice Nicklinson', '08/01/2019');
insert into users (id, balance, hash, name, reg_time)
values (35, 25.75, '51079-630', 'Friederike Caldron', '28/02/2021');
insert into users (id, balance, hash, name, reg_time)
values (36, 8.0, '50114-0150', 'Neilla Eakeley', '22/12/2020');
insert into users (id, balance, hash, name, reg_time)
values (37, 35.09, '11410-609', 'Cooper Beckworth', '04/11/2020');
insert into users (id, balance, hash, name, reg_time)
values (38, 81.15, '52343-039', 'Leicester Lindell', '04/02/2019');
insert into users (id, balance, hash, name, reg_time)
values (39, 2.67, '52815-122', 'Patten Stillwell', '28/01/2019');
insert into users (id, balance, hash, name, reg_time)
values (40, 9.97, '51389-106', 'Irving Darinton', '10/12/2020');
insert into users (id, balance, hash, name, reg_time)
values (41, 51.31, '67777-308', 'Sophia Briers', '23/09/2020');
insert into users (id, balance, hash, name, reg_time)
values (42, 54.0, '55154-5980', 'Joshua Possell', '29/09/2020');
insert into users (id, balance, hash, name, reg_time)
values (43, 62.64, '42023-107', 'Dayle Olczak', '16/06/2019');
insert into users (id, balance, hash, name, reg_time)
values (44, 12.19, '59779-296', 'Duane MacEntee', '09/03/2020');
insert into users (id, balance, hash, name, reg_time)
values (45, 27.72, '0031-8692', 'Elijah Rowney', '19/12/2020');
insert into users (id, balance, hash, name, reg_time)
values (46, 68.8, '36800-467', 'Hillary Vann', '20/05/2019');
insert into users (id, balance, hash, name, reg_time)
values (47, 91.45, '36987-1878', 'Luke De Micoli', '08/02/2019');
insert into users (id, balance, hash, name, reg_time)
values (48, 30.69, '58503-046', 'Umberto Blumsom', '29/02/2020');
insert into users (id, balance, hash, name, reg_time)
values (49, 55.45, '65643-419', 'Rozanne Faucherand', '21/07/2019');
insert into users (id, balance, hash, name, reg_time)
values (50, 20.08, '43063-059', 'Erskine Hawkridge', '17/06/2019');

insert into genre (id, name, parent_id, slug)
values (1, 'Drama', null, 'drama');
insert into genre (id, name, parent_id, slug)
values (2, 'Comedy', null, 'comedy');
insert into genre (id, name, parent_id, slug)
values (3, 'Crime', null, 'crime');
insert into genre (id, name, parent_id, slug)
values (4, 'Thriller', null, 'thriller');
insert into genre (id, name, parent_id, slug)
values (5, 'Film-Noir', 4, 'film-noir');
insert into genre (id, name, parent_id, slug)
values (6, 'Fantasy', null, 'fantasy');
insert into genre (id, name, parent_id, slug)
values (7, 'Mystery', 4, 'mystery');
insert into genre (id, name, parent_id, slug)
values (8, 'Documentary', null, 'documentary');
insert into genre (id, name, parent_id, slug)
values (9, 'Western', 1, 'western');
insert into genre (id, name, parent_id, slug)
values (10, 'Animation', null, 'animation');

insert into books (id, pub_date, is_bestseller, slug, title, image, description, price, discount, rating)
values (1, '2015/08/03', 1, 'film-noir', 'Richard Pryor Here and Now',
        'http://dummyimage.com/307x730.png/ff4444/ffffff',
        'Maecenas tincidunt lacus at velit. Vivamus vel nulla eget eros elementum pellentesque. Quisque porta volutpat erat. Quisque erat eros, viverra eget, congue eget, semper rutrum, nulla. Nunc purus.',
        1182, 0.12, 2);
insert into books (id, pub_date, is_bestseller, slug, title, image, description, price, discount, rating)
values (2, '2019/02/18', 0, 'animation', 'Donovan''s Brain', 'http://dummyimage.com/395x459.png/ff4444/ffffff',
        'In sagittis dui vel nisl. Duis ac nibh. Fusce lacus purus, aliquet at, feugiat non, pretium quis, lectus. Suspendisse potenti. In eleifend quam a odio.',
        222, 0.44, 5);
insert into books (id, pub_date, is_bestseller, slug, title, image, description, price, discount, rating)
values (3, '2017/09/13', 1, 'comedy', 'Corridors of Blood', 'http://dummyimage.com/653x698.png/5fa2dd/ffffff',
        'Nulla mollis molestie lorem. Quisque ut erat. Curabitur gravida nisi at nibh. In hac habitasse platea dictumst. Aliquam augue quam, sollicitudin vitae, consectetuer eget, rutrum at, lorem. Integer tincidunt ante vel ipsum.',
        700, 0.14, 1);
insert into books (id, pub_date, is_bestseller, slug, title, image, description, price, discount, rating)
values (4, '2016/02/03', 0, 'crime', 'Wicked Little Things', 'http://dummyimage.com/635x568.png/cc0000/ffffff',
        'Praesent blandit. Nam nulla. Integer pede justo, lacinia eget, tincidunt eget, tempus vel, pede. Morbi porttitor lorem id ligula. Suspendisse ornare consequat lectus. In est risus, auctor sed, tristique in, tempus sit amet, sem.',
        931, 0.17, 0);
insert into books (id, pub_date, is_bestseller, slug, title, image, description, price, discount, rating)
values (5, '2014/04/10', 0, 'comedy', 'Terror of Mechagodzilla (Mekagojira no gyakushu)',
        'http://dummyimage.com/331x676.png/5fa2dd/ffffff',
        'Sed ante. Vivamus tortor. Duis mattis egestas metus. Aenean fermentum. Donec ut mauris eget massa tempor convallis.',
        1193, 0.3, 3);
insert into books (id, pub_date, is_bestseller, slug, title, image, description, price, discount, rating)
values (6, '2015/05/25', 0, 'western', 'Anita', 'http://dummyimage.com/513x590.png/5fa2dd/ffffff',
        'Praesent id massa id nisl venenatis lacinia. Aenean sit amet justo. Morbi ut odio. Cras mi pede, malesuada in, imperdiet et, commodo vulputate, justo. In blandit ultrices enim. Lorem ipsum dolor sit amet, consectetuer adipiscing elit.',
        2263, 0.29, 0);
insert into books (id, pub_date, is_bestseller, slug, title, image, description, price, discount, rating)
values (7, '2020/06/16', 1, 'fantasy', 'Best Offer, The (Migliore offerta, La)',
        'http://dummyimage.com/658x394.png/5fa2dd/ffffff',
        'Phasellus in felis. Donec semper sapien a libero. Nam dui. Proin leo odio, porttitor id, consequat in, consequat ut, nulla. Sed accumsan felis.',
        1728, 0.41, 2);
insert into books (id, pub_date, is_bestseller, slug, title, image, description, price, discount, rating)
values (8, '2012/07/12', 1, 'drama', 'Tingler, The', 'http://dummyimage.com/796x271.png/5fa2dd/ffffff',
        'In congue. Etiam justo. Etiam pretium iaculis justo. In hac habitasse platea dictumst. Etiam faucibus cursus urna. Ut tellus.',
        1154, 0.4, 5);
insert into books (id, pub_date, is_bestseller, slug, title, image, description, price, discount, rating)
values (9, '2016/06/21', 0, 'western', 'Son-Daughter, The', 'http://dummyimage.com/426x472.png/5fa2dd/ffffff',
        'In est risus, auctor sed, tristique in, tempus sit amet, sem. Fusce consequat. Nulla nisl. Nunc nisl. Duis bibendum, felis sed interdum venenatis, turpis enim blandit mi, in porttitor pede justo eu massa. Donec dapibus.',
        1385, 0.26, 2);
insert into books (id, pub_date, is_bestseller, slug, title, image, description, price, discount, rating)
values (10, '2012/09/11', 0, 'fantasy', 'Good Earth, The', 'http://dummyimage.com/727x781.png/5fa2dd/ffffff',
        'Nunc nisl. Duis bibendum, felis sed interdum venenatis, turpis enim blandit mi, in porttitor pede justo eu massa. Donec dapibus. Duis at velit eu est congue elementum. In hac habitasse platea dictumst. Morbi vestibulum, velit id pretium iaculis, diam erat fermentum justo, nec condimentum neque sapien placerat ante.',
        798, 0.2, 0);
insert into books (id, pub_date, is_bestseller, slug, title, image, description, price, discount, rating)
values (11, '2011/08/03', 0, 'comedy', 'Man Trouble', 'http://dummyimage.com/358x706.png/5fa2dd/ffffff',
        'Nulla mollis molestie lorem. Quisque ut erat. Curabitur gravida nisi at nibh. In hac habitasse platea dictumst. Aliquam augue quam, sollicitudin vitae, consectetuer eget, rutrum at, lorem. Integer tincidunt ante vel ipsum.',
        2499, 0.14, 3);
insert into books (id, pub_date, is_bestseller, slug, title, image, description, price, discount, rating)
values (12, '2017/04/20', 0, 'crime', 'Wild Grass (Herbes folles, Les)',
        'http://dummyimage.com/406x732.png/5fa2dd/ffffff',
        'Aenean fermentum. Donec ut mauris eget massa tempor convallis. Nulla neque libero, convallis eget, eleifend luctus, ultricies eu, nibh. Quisque id justo sit amet sapien dignissim vestibulum. Vestibulum ante ipsum primis in faucibus orci luctus et ultrices posuere cubilia Curae; Nulla dapibus dolor vel est. Donec odio justo, sollicitudin ut, suscipit a, feugiat et, eros.',
        2092, 0.5, 2);
insert into books (id, pub_date, is_bestseller, slug, title, image, description, price, discount, rating)
values (13, '2019/10/27', 0, 'comedy', 'Wild Love', 'http://dummyimage.com/290x304.png/cc0000/ffffff',
        'Nam dui. Proin leo odio, porttitor id, consequat in, consequat ut, nulla. Sed accumsan felis. Ut at dolor quis odio consequat varius. Integer ac leo. Pellentesque ultrices mattis odio.',
        2082, 0.12, 3);
insert into books (id, pub_date, is_bestseller, slug, title, image, description, price, discount, rating)
values (14, '2013/09/11', 1, 'crime', 'Dead Space: Downfall', 'http://dummyimage.com/730x588.png/dddddd/000000',
        'Vestibulum ante ipsum primis in faucibus orci luctus et ultrices posuere cubilia Curae; Nulla dapibus dolor vel est. Donec odio justo, sollicitudin ut, suscipit a, feugiat et, eros. Vestibulum ac est lacinia nisi venenatis tristique. Fusce congue, diam id ornare imperdiet, sapien urna pretium nisl, ut volutpat sapien arcu sed augue. Aliquam erat volutpat. In congue.',
        1335, 0.12, 2);
insert into books (id, pub_date, is_bestseller, slug, title, image, description, price, discount, rating)
values (15, '2014/02/21', 0, 'animation', 'Fallen, The', 'http://dummyimage.com/536x406.png/5fa2dd/ffffff',
        'Integer ac leo. Pellentesque ultrices mattis odio. Donec vitae nisi. Nam ultrices, libero non mattis pulvinar, nulla pede ullamcorper augue, a suscipit nulla elit ac nulla. Sed vel enim sit amet nunc viverra dapibus.',
        527, 0.18, 0);
insert into books (id, pub_date, is_bestseller, slug, title, image, description, price, discount, rating)
values (16, '2014/03/02', 0, 'crime', 'Moon in the Gutter, The (La lune dans le caniveau)',
        'http://dummyimage.com/623x463.png/dddddd/000000',
        'Morbi non quam nec dui luctus rutrum. Nulla tellus. In sagittis dui vel nisl. Duis ac nibh. Fusce lacus purus, aliquet at, feugiat non, pretium quis, lectus. Suspendisse potenti.',
        2465, 0.39, 3);
insert into books (id, pub_date, is_bestseller, slug, title, image, description, price, discount, rating)
values (17, '2020/12/10', 1, 'drama', 'Alexander and the Terrible, Horrible, No Good, Very Bad Day',
        'http://dummyimage.com/756x560.png/dddddd/000000',
        'Suspendisse potenti. In eleifend quam a odio. In hac habitasse platea dictumst. Maecenas ut massa quis augue luctus tincidunt. Nulla mollis molestie lorem.',
        1215, 0.18, 5);
insert into books (id, pub_date, is_bestseller, slug, title, image, description, price, discount, rating)
values (18, '2018/09/30', 0, 'western', 'Madagascar Skin', 'http://dummyimage.com/764x540.png/ff4444/ffffff',
        'Lorem ipsum dolor sit amet, consectetuer adipiscing elit. Proin interdum mauris non ligula pellentesque ultrices. Phasellus id sapien in sapien iaculis congue. Vivamus metus arcu, adipiscing molestie, hendrerit at, vulputate vitae, nisl. Aenean lectus. Pellentesque eget nunc.',
        819, 0.11, 2);
insert into books (id, pub_date, is_bestseller, slug, title, image, description, price, discount, rating)
values (19, '2017/02/01', 0, 'drama', 'Irina Palm', 'http://dummyimage.com/342x412.png/ff4444/ffffff',
        'Donec ut mauris eget massa tempor convallis. Nulla neque libero, convallis eget, eleifend luctus, ultricies eu, nibh. Quisque id justo sit amet sapien dignissim vestibulum. Vestibulum ante ipsum primis in faucibus orci luctus et ultrices posuere cubilia Curae; Nulla dapibus dolor vel est. Donec odio justo, sollicitudin ut, suscipit a, feugiat et, eros.',
        1761, 0.45, 3);
insert into books (id, pub_date, is_bestseller, slug, title, image, description, price, discount, rating)
values (20, '2016/12/19', 1, 'mystery', 'Major Barbara', 'http://dummyimage.com/285x256.png/5fa2dd/ffffff',
        'Morbi vestibulum, velit id pretium iaculis, diam erat fermentum justo, nec condimentum neque sapien placerat ante. Nulla justo. Aliquam quis turpis eget elit sodales scelerisque. Mauris sit amet eros. Suspendisse accumsan tortor quis turpis.',
        743, 0.39, 2);
insert into books (id, pub_date, is_bestseller, slug, title, image, description, price, discount, rating)
values (21, '2014/10/16', 0, 'crime', 'Lorenzo''s Oil', 'http://dummyimage.com/316x555.png/5fa2dd/ffffff',
        'Vivamus in felis eu sapien cursus vestibulum. Proin eu mi. Nulla ac enim. In tempor, turpis nec euismod scelerisque, quam turpis adipiscing lorem, vitae mattis nibh ligula nec sem. Duis aliquam convallis nunc.',
        1845, 0.35, 0);
insert into books (id, pub_date, is_bestseller, slug, title, image, description, price, discount, rating)
values (22, '2017/05/20', 1, 'drama', 'Shaolin (Xin shao lin si)', 'http://dummyimage.com/384x375.png/5fa2dd/ffffff',
        'Duis mattis egestas metus. Aenean fermentum. Donec ut mauris eget massa tempor convallis. Nulla neque libero, convallis eget, eleifend luctus, ultricies eu, nibh. Quisque id justo sit amet sapien dignissim vestibulum.',
        2463, 0.24, 3);
insert into books (id, pub_date, is_bestseller, slug, title, image, description, price, discount, rating)
values (23, '2015/07/30', 1, 'animation', 'Battle of Russia, The (Why We Fight, 5)',
        'http://dummyimage.com/308x360.png/dddddd/000000',
        'Nullam orci pede, venenatis non, sodales sed, tincidunt eu, felis. Fusce posuere felis sed lacus. Morbi sem mauris, laoreet ut, rhoncus aliquet, pulvinar sed, nisl. Nunc rhoncus dui vel sem. Sed sagittis. Nam congue, risus semper porta volutpat, quam pede lobortis ligula, sit amet eleifend pede libero quis orci.',
        2427, 0.1, 4);
insert into books (id, pub_date, is_bestseller, slug, title, image, description, price, discount, rating)
values (24, '2017/04/03', 0, 'western', 'Children (Börn)', 'http://dummyimage.com/416x475.png/5fa2dd/ffffff',
        'Vestibulum ante ipsum primis in faucibus orci luctus et ultrices posuere cubilia Curae; Donec pharetra, magna vestibulum aliquet ultrices, erat tortor sollicitudin mi, sit amet lobortis sapien sapien non mi. Integer ac neque. Duis bibendum. Morbi non quam nec dui luctus rutrum. Nulla tellus.',
        1496, 0.31, 2);
insert into books (id, pub_date, is_bestseller, slug, title, image, description, price, discount, rating)
values (25, '2015/09/18', 1, 'western', 'Beowulf', 'http://dummyimage.com/439x704.png/dddddd/000000',
        'Duis consequat dui nec nisi volutpat eleifend. Donec ut dolor. Morbi vel lectus in quam fringilla rhoncus. Mauris enim leo, rhoncus sed, vestibulum sit amet, cursus id, turpis. Integer aliquet, massa id lobortis convallis, tortor risus dapibus augue, vel accumsan tellus nisi eu orci. Mauris lacinia sapien quis libero.',
        1689, 0.17, 3);
insert into books (id, pub_date, is_bestseller, slug, title, image, description, price, discount, rating)
values (26, '2016/01/05', 1, 'crime', 'Papusza', 'http://dummyimage.com/764x272.png/5fa2dd/ffffff',
        'Donec diam neque, vestibulum eget, vulputate ut, ultrices vel, augue. Vestibulum ante ipsum primis in faucibus orci luctus et ultrices posuere cubilia Curae; Donec pharetra, magna vestibulum aliquet ultrices, erat tortor sollicitudin mi, sit amet lobortis sapien sapien non mi. Integer ac neque. Duis bibendum. Morbi non quam nec dui luctus rutrum.',
        1441, 0.47, 3);
insert into books (id, pub_date, is_bestseller, slug, title, image, description, price, discount, rating)
values (27, '2016/12/21', 0, 'fantasy', 'Rise of the Guardians', 'http://dummyimage.com/686x288.png/5fa2dd/ffffff',
        'Nam ultrices, libero non mattis pulvinar, nulla pede ullamcorper augue, a suscipit nulla elit ac nulla. Sed vel enim sit amet nunc viverra dapibus. Nulla suscipit ligula in lacus. Curabitur at ipsum ac tellus semper interdum. Mauris ullamcorper purus sit amet nulla. Quisque arcu libero, rutrum ac, lobortis vel, dapibus at, diam.',
        955, 0.19, 3);
insert into books (id, pub_date, is_bestseller, slug, title, image, description, price, discount, rating)
values (28, '2011/09/03', 1, 'fantasy', 'Culloden (The Battle of Culloden)',
        'http://dummyimage.com/770x255.png/5fa2dd/ffffff',
        'Nam congue, risus semper porta volutpat, quam pede lobortis ligula, sit amet eleifend pede libero quis orci. Nullam molestie nibh in lectus. Pellentesque at nulla. Suspendisse potenti. Cras in purus eu magna vulputate luctus.',
        1768, 0.26, 4);
insert into books (id, pub_date, is_bestseller, slug, title, image, description, price, discount, rating)
values (29, '2018/05/04', 0, 'fantasy', 'The Pirates of Blood River', 'http://dummyimage.com/756x542.png/ff4444/ffffff',
        'Maecenas tristique, est et tempus semper, est quam pharetra magna, ac consequat metus sapien ut nunc. Vestibulum ante ipsum primis in faucibus orci luctus et ultrices posuere cubilia Curae; Mauris viverra diam vitae quam. Suspendisse potenti. Nullam porttitor lacus at turpis. Donec posuere metus vitae ipsum.',
        2268, 0.37, 5);
insert into books (id, pub_date, is_bestseller, slug, title, image, description, price, discount, rating)
values (30, '2013/03/30', 1, 'comedy', 'Mark of Zorro, The', 'http://dummyimage.com/456x361.png/cc0000/ffffff',
        'Proin at turpis a pede posuere nonummy. Integer non velit. Donec diam neque, vestibulum eget, vulputate ut, ultrices vel, augue. Vestibulum ante ipsum primis in faucibus orci luctus et ultrices posuere cubilia Curae; Donec pharetra, magna vestibulum aliquet ultrices, erat tortor sollicitudin mi, sit amet lobortis sapien sapien non mi. Integer ac neque.',
        428, 0.34, 3);
insert into books (id, pub_date, is_bestseller, slug, title, image, description, price, discount, rating)
values (31, '2016/11/08', 1, 'crime', 'Recount', 'http://dummyimage.com/548x590.png/cc0000/ffffff',
        'Curabitur gravida nisi at nibh. In hac habitasse platea dictumst. Aliquam augue quam, sollicitudin vitae, consectetuer eget, rutrum at, lorem. Integer tincidunt ante vel ipsum. Praesent blandit lacinia erat.',
        626, 0.4, 4);
insert into books (id, pub_date, is_bestseller, slug, title, image, description, price, discount, rating)
values (32, '2019/01/26', 0, 'documentary', 'Abbott and Costello Meet the Invisible Man',
        'http://dummyimage.com/670x527.png/5fa2dd/ffffff',
        'Duis bibendum, felis sed interdum venenatis, turpis enim blandit mi, in porttitor pede justo eu massa. Donec dapibus. Duis at velit eu est congue elementum. In hac habitasse platea dictumst. Morbi vestibulum, velit id pretium iaculis, diam erat fermentum justo, nec condimentum neque sapien placerat ante. Nulla justo.',
        541, 0.29, 1);
insert into books (id, pub_date, is_bestseller, slug, title, image, description, price, discount, rating)
values (33, '2018/01/30', 0, 'film-noir', 'Genealogies of a Crime (Généalogies d''un crime)',
        'http://dummyimage.com/645x275.png/5fa2dd/ffffff',
        'Ut at dolor quis odio consequat varius. Integer ac leo. Pellentesque ultrices mattis odio. Donec vitae nisi. Nam ultrices, libero non mattis pulvinar, nulla pede ullamcorper augue, a suscipit nulla elit ac nulla.',
        209, 0.42, 4);
insert into books (id, pub_date, is_bestseller, slug, title, image, description, price, discount, rating)
values (34, '2014/01/29', 0, 'animation', 'Save the Tiger', 'http://dummyimage.com/560x283.png/ff4444/ffffff',
        'Aenean fermentum. Donec ut mauris eget massa tempor convallis. Nulla neque libero, convallis eget, eleifend luctus, ultricies eu, nibh. Quisque id justo sit amet sapien dignissim vestibulum. Vestibulum ante ipsum primis in faucibus orci luctus et ultrices posuere cubilia Curae; Nulla dapibus dolor vel est.',
        988, 0.41, 5);
insert into books (id, pub_date, is_bestseller, slug, title, image, description, price, discount, rating)
values (35, '2018/02/17', 1, 'thriller', 'No Time for Comedy', 'http://dummyimage.com/760x470.png/ff4444/ffffff',
        'Curabitur in libero ut massa volutpat convallis. Morbi odio odio, elementum eu, interdum eu, tincidunt in, leo. Maecenas pulvinar lobortis est. Phasellus sit amet erat. Nulla tempus. Vivamus in felis eu sapien cursus vestibulum.',
        1216, 0.23, 5);
insert into books (id, pub_date, is_bestseller, slug, title, image, description, price, discount, rating)
values (36, '2014/03/14', 0, 'film-noir',
        'Buffalo Bill and the Indians, or Sitting Bull''s History Lesson (a.k.a. Buffalo Bill and the Indians)',
        'http://dummyimage.com/497x256.png/cc0000/ffffff',
        'Duis bibendum, felis sed interdum venenatis, turpis enim blandit mi, in porttitor pede justo eu massa. Donec dapibus. Duis at velit eu est congue elementum. In hac habitasse platea dictumst. Morbi vestibulum, velit id pretium iaculis, diam erat fermentum justo, nec condimentum neque sapien placerat ante. Nulla justo.',
        1050, 0.31, 1);
insert into books (id, pub_date, is_bestseller, slug, title, image, description, price, discount, rating)
values (37, '2019/01/26', 1, 'comedy', 'Divorce American Style', 'http://dummyimage.com/601x708.png/dddddd/000000',
        'Pellentesque eget nunc. Donec quis orci eget orci vehicula condimentum. Curabitur in libero ut massa volutpat convallis. Morbi odio odio, elementum eu, interdum eu, tincidunt in, leo. Maecenas pulvinar lobortis est.',
        967, 0.43, 1);
insert into books (id, pub_date, is_bestseller, slug, title, image, description, price, discount, rating)
values (38, '2019/06/18', 1, 'fantasy', 'Rulers of the City', 'http://dummyimage.com/462x668.png/dddddd/000000',
        'In hac habitasse platea dictumst. Aliquam augue quam, sollicitudin vitae, consectetuer eget, rutrum at, lorem. Integer tincidunt ante vel ipsum. Praesent blandit lacinia erat. Vestibulum sed magna at nunc commodo placerat.',
        312, 0.11, 2);
insert into books (id, pub_date, is_bestseller, slug, title, image, description, price, discount, rating)
values (39, '2019/07/29', 1, 'animation', 'Sputnik', 'http://dummyimage.com/755x660.png/5fa2dd/ffffff',
        'Maecenas pulvinar lobortis est. Phasellus sit amet erat. Nulla tempus. Vivamus in felis eu sapien cursus vestibulum. Proin eu mi. Nulla ac enim.',
        2337, 0.11, 4);
insert into books (id, pub_date, is_bestseller, slug, title, image, description, price, discount, rating)
values (40, '2016/07/01', 0, 'western', 'Brimstone and Treacle', 'http://dummyimage.com/764x796.png/5fa2dd/ffffff',
        'Aenean lectus. Pellentesque eget nunc. Donec quis orci eget orci vehicula condimentum. Curabitur in libero ut massa volutpat convallis. Morbi odio odio, elementum eu, interdum eu, tincidunt in, leo. Maecenas pulvinar lobortis est.',
        790, 0.35, 2);
insert into books (id, pub_date, is_bestseller, slug, title, image, description, price, discount, rating)
values (41, '2019/07/27', 1, 'fantasy', 'Shadrach', 'http://dummyimage.com/747x351.png/cc0000/ffffff',
        'Aenean sit amet justo. Morbi ut odio. Cras mi pede, malesuada in, imperdiet et, commodo vulputate, justo. In blandit ultrices enim. Lorem ipsum dolor sit amet, consectetuer adipiscing elit. Proin interdum mauris non ligula pellentesque ultrices.',
        845, 0.47, 4);
insert into books (id, pub_date, is_bestseller, slug, title, image, description, price, discount, rating)
values (42, '2015/03/23', 0, 'thriller', 'Capture of Bigfoot, The', 'http://dummyimage.com/276x666.png/5fa2dd/ffffff',
        'Integer ac leo. Pellentesque ultrices mattis odio. Donec vitae nisi. Nam ultrices, libero non mattis pulvinar, nulla pede ullamcorper augue, a suscipit nulla elit ac nulla. Sed vel enim sit amet nunc viverra dapibus. Nulla suscipit ligula in lacus.',
        353, 0.22, 0);
insert into books (id, pub_date, is_bestseller, slug, title, image, description, price, discount, rating)
values (43, '2017/06/13', 1, 'comedy', 'Bullfighters, The', 'http://dummyimage.com/642x348.png/5fa2dd/ffffff',
        'Cras non velit nec nisi vulputate nonummy. Maecenas tincidunt lacus at velit. Vivamus vel nulla eget eros elementum pellentesque. Quisque porta volutpat erat. Quisque erat eros, viverra eget, congue eget, semper rutrum, nulla. Nunc purus.',
        201, 0.49, 5);
insert into books (id, pub_date, is_bestseller, slug, title, image, description, price, discount, rating)
values (44, '2018/10/28', 0, 'western', 'Gasland Part II', 'http://dummyimage.com/794x373.png/dddddd/000000',
        'Donec semper sapien a libero. Nam dui. Proin leo odio, porttitor id, consequat in, consequat ut, nulla. Sed accumsan felis. Ut at dolor quis odio consequat varius. Integer ac leo.',
        1673, 0.36, 1);
insert into books (id, pub_date, is_bestseller, slug, title, image, description, price, discount, rating)
values (45, '2012/09/16', 0, 'film-noir', 'Web of Death, The', 'http://dummyimage.com/800x276.png/ff4444/ffffff',
        'In est risus, auctor sed, tristique in, tempus sit amet, sem. Fusce consequat. Nulla nisl. Nunc nisl. Duis bibendum, felis sed interdum venenatis, turpis enim blandit mi, in porttitor pede justo eu massa. Donec dapibus.',
        409, 0.29, 5);
insert into books (id, pub_date, is_bestseller, slug, title, image, description, price, discount, rating)
values (46, '2015/12/09', 0, 'crime', 'Lost in Translation', 'http://dummyimage.com/555x596.png/5fa2dd/ffffff',
        'Vivamus tortor. Duis mattis egestas metus. Aenean fermentum. Donec ut mauris eget massa tempor convallis. Nulla neque libero, convallis eget, eleifend luctus, ultricies eu, nibh.',
        160, 0.29, 5);
insert into books (id, pub_date, is_bestseller, slug, title, image, description, price, discount, rating)
values (47, '2015/06/07', 0, 'comedy', 'Cry, the Beloved Country', 'http://dummyimage.com/680x400.png/ff4444/ffffff',
        'Etiam faucibus cursus urna. Ut tellus. Nulla ut erat id mauris vulputate elementum. Nullam varius. Nulla facilisi.',
        1031, 0.25, 4);
insert into books (id, pub_date, is_bestseller, slug, title, image, description, price, discount, rating)
values (48, '2016/08/25', 1, 'film-noir', 'Across the Pacific', 'http://dummyimage.com/480x695.png/dddddd/000000',
        'Aenean fermentum. Donec ut mauris eget massa tempor convallis. Nulla neque libero, convallis eget, eleifend luctus, ultricies eu, nibh. Quisque id justo sit amet sapien dignissim vestibulum. Vestibulum ante ipsum primis in faucibus orci luctus et ultrices posuere cubilia Curae; Nulla dapibus dolor vel est.',
        512, 0.19, 2);
insert into books (id, pub_date, is_bestseller, slug, title, image, description, price, discount, rating)
values (49, '2016/04/20', 1, 'animation', 'Wild Horses (Caballos salvajes)',
        'http://dummyimage.com/262x296.png/dddddd/000000',
        'Aliquam erat volutpat. In congue. Etiam justo. Etiam pretium iaculis justo. In hac habitasse platea dictumst.',
        219, 0.13, 3);
insert into books (id, pub_date, is_bestseller, slug, title, image, description, price, discount, rating)
values (50, '2014/02/28', 1, 'drama', 'Flying Saucer, The', 'http://dummyimage.com/250x397.png/cc0000/ffffff',
        'Cras in purus eu magna vulputate luctus. Cum sociis natoque penatibus et magnis dis parturient montes, nascetur ridiculus mus. Vivamus vestibulum sagittis sapien. Cum sociis natoque penatibus et magnis dis parturient montes, nascetur ridiculus mus. Etiam vel augue.',
        1767, 0.07, 2);
insert into books (id, pub_date, is_bestseller, slug, title, image, description, price, discount, rating)
values (51, '2016/06/28', 0, 'fantasy', 'Miss Violence', 'http://dummyimage.com/520x435.png/cc0000/ffffff',
        'Maecenas leo odio, condimentum id, luctus nec, molestie sed, justo. Pellentesque viverra pede ac diam. Cras pellentesque volutpat dui. Maecenas tristique, est et tempus semper, est quam pharetra magna, ac consequat metus sapien ut nunc. Vestibulum ante ipsum primis in faucibus orci luctus et ultrices posuere cubilia Curae; Mauris viverra diam vitae quam. Suspendisse potenti.',
        1153, 0.23, 1);
insert into books (id, pub_date, is_bestseller, slug, title, image, description, price, discount, rating)
values (52, '2017/09/03', 0, 'western', 'Fine Pair, A (Ruba al prossimo tuo)',
        'http://dummyimage.com/511x301.png/ff4444/ffffff',
        'Aenean auctor gravida sem. Praesent id massa id nisl venenatis lacinia. Aenean sit amet justo. Morbi ut odio. Cras mi pede, malesuada in, imperdiet et, commodo vulputate, justo. In blandit ultrices enim.',
        1114, 0.37, 0);
insert into books (id, pub_date, is_bestseller, slug, title, image, description, price, discount, rating)
values (53, '2016/03/31', 1, 'thriller', 'Budd Boetticher: A Man Can Do That',
        'http://dummyimage.com/415x298.png/dddddd/000000',
        'Nulla tellus. In sagittis dui vel nisl. Duis ac nibh. Fusce lacus purus, aliquet at, feugiat non, pretium quis, lectus. Suspendisse potenti.',
        287, 0.22, 1);
insert into books (id, pub_date, is_bestseller, slug, title, image, description, price, discount, rating)
values (54, '2019/02/25', 1, 'crime', 'Once Upon a Time in China III (Wong Fei-hung tsi sam: Siwong tsangba)',
        'http://dummyimage.com/318x626.png/cc0000/ffffff',
        'Donec vitae nisi. Nam ultrices, libero non mattis pulvinar, nulla pede ullamcorper augue, a suscipit nulla elit ac nulla. Sed vel enim sit amet nunc viverra dapibus. Nulla suscipit ligula in lacus. Curabitur at ipsum ac tellus semper interdum.',
        2126, 0.49, 3);
insert into books (id, pub_date, is_bestseller, slug, title, image, description, price, discount, rating)
values (55, '2018/04/23', 1, 'fantasy', 'Next Best Thing, The', 'http://dummyimage.com/292x575.png/dddddd/000000',
        'Pellentesque at nulla. Suspendisse potenti. Cras in purus eu magna vulputate luctus. Cum sociis natoque penatibus et magnis dis parturient montes, nascetur ridiculus mus. Vivamus vestibulum sagittis sapien. Cum sociis natoque penatibus et magnis dis parturient montes, nascetur ridiculus mus.',
        1181, 0.47, 1);
insert into books (id, pub_date, is_bestseller, slug, title, image, description, price, discount, rating)
values (56, '2015/03/05', 0, 'crime', 'Assassination Tango', 'http://dummyimage.com/456x278.png/dddddd/000000',
        'Duis consequat dui nec nisi volutpat eleifend. Donec ut dolor. Morbi vel lectus in quam fringilla rhoncus. Mauris enim leo, rhoncus sed, vestibulum sit amet, cursus id, turpis. Integer aliquet, massa id lobortis convallis, tortor risus dapibus augue, vel accumsan tellus nisi eu orci. Mauris lacinia sapien quis libero.',
        1585, 0.18, 1);
insert into books (id, pub_date, is_bestseller, slug, title, image, description, price, discount, rating)
values (57, '2015/01/16', 0, 'film-noir', 'Root of All Evil?', 'http://dummyimage.com/328x696.png/5fa2dd/ffffff',
        'Nulla ac enim. In tempor, turpis nec euismod scelerisque, quam turpis adipiscing lorem, vitae mattis nibh ligula nec sem. Duis aliquam convallis nunc. Proin at turpis a pede posuere nonummy. Integer non velit. Donec diam neque, vestibulum eget, vulputate ut, ultrices vel, augue.',
        459, 0.26, 4);
insert into books (id, pub_date, is_bestseller, slug, title, image, description, price, discount, rating)
values (58, '2017/03/19', 0, 'drama', 'Sex and Death 101', 'http://dummyimage.com/772x413.png/ff4444/ffffff',
        'Morbi a ipsum. Integer a nibh. In quis justo. Maecenas rhoncus aliquam lacus. Morbi quis tortor id nulla ultrices aliquet. Maecenas leo odio, condimentum id, luctus nec, molestie sed, justo.',
        1788, 0.22, 4);
insert into books (id, pub_date, is_bestseller, slug, title, image, description, price, discount, rating)
values (59, '2020/02/18', 0, 'animation', 'Our Life (La nostra vita)',
        'http://dummyimage.com/342x283.png/cc0000/ffffff',
        'Aenean sit amet justo. Morbi ut odio. Cras mi pede, malesuada in, imperdiet et, commodo vulputate, justo. In blandit ultrices enim. Lorem ipsum dolor sit amet, consectetuer adipiscing elit. Proin interdum mauris non ligula pellentesque ultrices.',
        975, 0.21, 5);
insert into books (id, pub_date, is_bestseller, slug, title, image, description, price, discount, rating)
values (60, '2020/01/24', 1, 'drama', 'Tears of the Black Tiger (Fah talai jone)',
        'http://dummyimage.com/651x476.png/ff4444/ffffff',
        'Donec posuere metus vitae ipsum. Aliquam non mauris. Morbi non lectus. Aliquam sit amet diam in magna bibendum imperdiet. Nullam orci pede, venenatis non, sodales sed, tincidunt eu, felis.',
        1481, 0.41, 2);
insert into books (id, pub_date, is_bestseller, slug, title, image, description, price, discount, rating)
values (61, '2017/10/08', 1, 'documentary', 'To Grandmother''s House We Go',
        'http://dummyimage.com/463x439.png/5fa2dd/ffffff',
        'Praesent blandit lacinia erat. Vestibulum sed magna at nunc commodo placerat. Praesent blandit. Nam nulla. Integer pede justo, lacinia eget, tincidunt eget, tempus vel, pede.',
        1055, 0.19, 4);
insert into books (id, pub_date, is_bestseller, slug, title, image, description, price, discount, rating)
values (62, '2012/03/27', 0, 'mystery', 'Mental', 'http://dummyimage.com/485x576.png/dddddd/000000',
        'In sagittis dui vel nisl. Duis ac nibh. Fusce lacus purus, aliquet at, feugiat non, pretium quis, lectus. Suspendisse potenti. In eleifend quam a odio. In hac habitasse platea dictumst.',
        2272, 0.33, 2);
insert into books (id, pub_date, is_bestseller, slug, title, image, description, price, discount, rating)
values (63, '2014/01/26', 0, 'western', 'Girls Gone Dead', 'http://dummyimage.com/419x684.png/ff4444/ffffff',
        'Maecenas ut massa quis augue luctus tincidunt. Nulla mollis molestie lorem. Quisque ut erat. Curabitur gravida nisi at nibh. In hac habitasse platea dictumst.',
        852, 0.32, 4);
insert into books (id, pub_date, is_bestseller, slug, title, image, description, price, discount, rating)
values (64, '2020/01/17', 0, 'fantasy', 'Son of Batman', 'http://dummyimage.com/278x592.png/cc0000/ffffff',
        'Suspendisse potenti. Nullam porttitor lacus at turpis. Donec posuere metus vitae ipsum. Aliquam non mauris. Morbi non lectus.',
        1155, 0.21, 2);
insert into books (id, pub_date, is_bestseller, slug, title, image, description, price, discount, rating)
values (65, '2011/02/01', 0, 'western', 'Her Alibi', 'http://dummyimage.com/715x609.png/dddddd/000000',
        'Vestibulum sed magna at nunc commodo placerat. Praesent blandit. Nam nulla. Integer pede justo, lacinia eget, tincidunt eget, tempus vel, pede. Morbi porttitor lorem id ligula.',
        1234, 0.29, 2);
insert into books (id, pub_date, is_bestseller, slug, title, image, description, price, discount, rating)
values (66, '2016/08/30', 0, 'fantasy', 'Tevye', 'http://dummyimage.com/647x688.png/dddddd/000000',
        'Vestibulum ante ipsum primis in faucibus orci luctus et ultrices posuere cubilia Curae; Duis faucibus accumsan odio. Curabitur convallis. Duis consequat dui nec nisi volutpat eleifend. Donec ut dolor. Morbi vel lectus in quam fringilla rhoncus.',
        803, 0.18, 5);
insert into books (id, pub_date, is_bestseller, slug, title, image, description, price, discount, rating)
values (67, '2020/11/14', 0, 'fantasy', 'Puss in Boots: The Three Diablos',
        'http://dummyimage.com/352x320.png/5fa2dd/ffffff',
        'Nulla ac enim. In tempor, turpis nec euismod scelerisque, quam turpis adipiscing lorem, vitae mattis nibh ligula nec sem. Duis aliquam convallis nunc. Proin at turpis a pede posuere nonummy. Integer non velit.',
        1281, 0.15, 2);
insert into books (id, pub_date, is_bestseller, slug, title, image, description, price, discount, rating)
values (68, '2013/05/07', 1, 'comedy', 'Rock ''N'' Roll High School', 'http://dummyimage.com/475x470.png/ff4444/ffffff',
        'Pellentesque eget nunc. Donec quis orci eget orci vehicula condimentum. Curabitur in libero ut massa volutpat convallis. Morbi odio odio, elementum eu, interdum eu, tincidunt in, leo. Maecenas pulvinar lobortis est. Phasellus sit amet erat.',
        1422, 0.34, 5);
insert into books (id, pub_date, is_bestseller, slug, title, image, description, price, discount, rating)
values (69, '2020/03/29', 0, 'documentary', 'Sergio', 'http://dummyimage.com/559x663.png/5fa2dd/ffffff',
        'Praesent id massa id nisl venenatis lacinia. Aenean sit amet justo. Morbi ut odio. Cras mi pede, malesuada in, imperdiet et, commodo vulputate, justo. In blandit ultrices enim. Lorem ipsum dolor sit amet, consectetuer adipiscing elit.',
        2285, 0.35, 3);
insert into books (id, pub_date, is_bestseller, slug, title, image, description, price, discount, rating)
values (70, '2015/11/12', 0, 'thriller', 'Cyrano de Bergerac', 'http://dummyimage.com/394x590.png/5fa2dd/ffffff',
        'Praesent blandit lacinia erat. Vestibulum sed magna at nunc commodo placerat. Praesent blandit. Nam nulla. Integer pede justo, lacinia eget, tincidunt eget, tempus vel, pede.',
        1527, 0.27, 2);
insert into books (id, pub_date, is_bestseller, slug, title, image, description, price, discount, rating)
values (71, '2019/09/09', 1, 'comedy', 'Informer, The', 'http://dummyimage.com/689x595.png/ff4444/ffffff',
        'Vestibulum quam sapien, varius ut, blandit non, interdum in, ante. Vestibulum ante ipsum primis in faucibus orci luctus et ultrices posuere cubilia Curae; Duis faucibus accumsan odio. Curabitur convallis. Duis consequat dui nec nisi volutpat eleifend. Donec ut dolor.',
        1875, 0.37, 4);
insert into books (id, pub_date, is_bestseller, slug, title, image, description, price, discount, rating)
values (72, '2012/03/15', 1, 'western', 'Christmas Memory, A (Truman Capote''s ''A Christmas Memory'')',
        'http://dummyimage.com/664x611.png/cc0000/ffffff',
        'Morbi odio odio, elementum eu, interdum eu, tincidunt in, leo. Maecenas pulvinar lobortis est. Phasellus sit amet erat. Nulla tempus. Vivamus in felis eu sapien cursus vestibulum.',
        2063, 0.27, 4);
insert into books (id, pub_date, is_bestseller, slug, title, image, description, price, discount, rating)
values (73, '2011/04/01', 1, 'western', 'He Loves Me... He Loves Me Not (À la folie... pas du tout)',
        'http://dummyimage.com/347x622.png/cc0000/ffffff',
        'Cras in purus eu magna vulputate luctus. Cum sociis natoque penatibus et magnis dis parturient montes, nascetur ridiculus mus. Vivamus vestibulum sagittis sapien. Cum sociis natoque penatibus et magnis dis parturient montes, nascetur ridiculus mus. Etiam vel augue.',
        1783, 0.25, 4);
insert into books (id, pub_date, is_bestseller, slug, title, image, description, price, discount, rating)
values (74, '2013/07/18', 1, 'drama', 'Altered States', 'http://dummyimage.com/736x486.png/5fa2dd/ffffff',
        'Integer a nibh. In quis justo. Maecenas rhoncus aliquam lacus. Morbi quis tortor id nulla ultrices aliquet. Maecenas leo odio, condimentum id, luctus nec, molestie sed, justo. Pellentesque viverra pede ac diam.',
        2156, 0.45, 3);
insert into books (id, pub_date, is_bestseller, slug, title, image, description, price, discount, rating)
values (75, '2015/01/27', 0, 'documentary', 'Trouble Every Day', 'http://dummyimage.com/756x487.png/cc0000/ffffff',
        'Duis aliquam convallis nunc. Proin at turpis a pede posuere nonummy. Integer non velit. Donec diam neque, vestibulum eget, vulputate ut, ultrices vel, augue. Vestibulum ante ipsum primis in faucibus orci luctus et ultrices posuere cubilia Curae; Donec pharetra, magna vestibulum aliquet ultrices, erat tortor sollicitudin mi, sit amet lobortis sapien sapien non mi.',
        578, 0.44, 4);
insert into books (id, pub_date, is_bestseller, slug, title, image, description, price, discount, rating)
values (76, '2019/05/19', 0, 'western', 'Machine, The', 'http://dummyimage.com/611x405.png/5fa2dd/ffffff',
        'Morbi sem mauris, laoreet ut, rhoncus aliquet, pulvinar sed, nisl. Nunc rhoncus dui vel sem. Sed sagittis. Nam congue, risus semper porta volutpat, quam pede lobortis ligula, sit amet eleifend pede libero quis orci. Nullam molestie nibh in lectus. Pellentesque at nulla.',
        1322, 0.29, 3);
insert into books (id, pub_date, is_bestseller, slug, title, image, description, price, discount, rating)
values (77, '2017/04/23', 1, 'mystery', 'Bible, The (a.k.a. Bible... In the Beginning, The)',
        'http://dummyimage.com/374x377.png/ff4444/ffffff',
        'Nam congue, risus semper porta volutpat, quam pede lobortis ligula, sit amet eleifend pede libero quis orci. Nullam molestie nibh in lectus. Pellentesque at nulla. Suspendisse potenti. Cras in purus eu magna vulputate luctus.',
        2251, 0.39, 5);
insert into books (id, pub_date, is_bestseller, slug, title, image, description, price, discount, rating)
values (78, '2019/05/30', 0, 'fantasy', 'Pirates! Band of Misfits, The',
        'http://dummyimage.com/635x469.png/ff4444/ffffff',
        'Morbi ut odio. Cras mi pede, malesuada in, imperdiet et, commodo vulputate, justo. In blandit ultrices enim. Lorem ipsum dolor sit amet, consectetuer adipiscing elit. Proin interdum mauris non ligula pellentesque ultrices.',
        1447, 0.25, 3);
insert into books (id, pub_date, is_bestseller, slug, title, image, description, price, discount, rating)
values (79, '2018/04/16', 1, 'animation', 'Happening, The', 'http://dummyimage.com/751x583.png/5fa2dd/ffffff',
        'In blandit ultrices enim. Lorem ipsum dolor sit amet, consectetuer adipiscing elit. Proin interdum mauris non ligula pellentesque ultrices. Phasellus id sapien in sapien iaculis congue. Vivamus metus arcu, adipiscing molestie, hendrerit at, vulputate vitae, nisl.',
        1043, 0.23, 4);
insert into books (id, pub_date, is_bestseller, slug, title, image, description, price, discount, rating)
values (80, '2010/09/27', 1, 'animation', 'Desperado', 'http://dummyimage.com/761x319.png/dddddd/000000',
        'Donec quis orci eget orci vehicula condimentum. Curabitur in libero ut massa volutpat convallis. Morbi odio odio, elementum eu, interdum eu, tincidunt in, leo. Maecenas pulvinar lobortis est. Phasellus sit amet erat.',
        2353, 0.13, 4);
insert into books (id, pub_date, is_bestseller, slug, title, image, description, price, discount, rating)
values (81, '2017/06/25', 0, 'mystery', 'Iceman', 'http://dummyimage.com/664x552.png/dddddd/000000',
        'Suspendisse potenti. In eleifend quam a odio. In hac habitasse platea dictumst. Maecenas ut massa quis augue luctus tincidunt. Nulla mollis molestie lorem. Quisque ut erat.',
        633, 0.38, 5);
insert into books (id, pub_date, is_bestseller, slug, title, image, description, price, discount, rating)
values (82, '2017/08/17', 1, 'animation', 'FairyTale: A True Story', 'http://dummyimage.com/742x655.png/5fa2dd/ffffff',
        'Aliquam non mauris. Morbi non lectus. Aliquam sit amet diam in magna bibendum imperdiet. Nullam orci pede, venenatis non, sodales sed, tincidunt eu, felis. Fusce posuere felis sed lacus. Morbi sem mauris, laoreet ut, rhoncus aliquet, pulvinar sed, nisl.',
        1348, 0.06, 4);
insert into books (id, pub_date, is_bestseller, slug, title, image, description, price, discount, rating)
values (83, '2021/04/09', 1, 'crime', 'What We Did on Our Holiday', 'http://dummyimage.com/702x512.png/cc0000/ffffff',
        'Vestibulum quam sapien, varius ut, blandit non, interdum in, ante. Vestibulum ante ipsum primis in faucibus orci luctus et ultrices posuere cubilia Curae; Duis faucibus accumsan odio. Curabitur convallis. Duis consequat dui nec nisi volutpat eleifend. Donec ut dolor. Morbi vel lectus in quam fringilla rhoncus.',
        1899, 0.11, 5);
insert into books (id, pub_date, is_bestseller, slug, title, image, description, price, discount, rating)
values (84, '2011/10/27', 1, 'thriller', 'Geographer Drank His Globe Away, The (Geograf globus propil)',
        'http://dummyimage.com/720x419.png/5fa2dd/ffffff',
        'Maecenas ut massa quis augue luctus tincidunt. Nulla mollis molestie lorem. Quisque ut erat. Curabitur gravida nisi at nibh. In hac habitasse platea dictumst.',
        2311, 0.49, 1);
insert into books (id, pub_date, is_bestseller, slug, title, image, description, price, discount, rating)
values (85, '2019/04/08', 0, 'thriller', 'Good Night to Die, A', 'http://dummyimage.com/368x430.png/cc0000/ffffff',
        'Pellentesque viverra pede ac diam. Cras pellentesque volutpat dui. Maecenas tristique, est et tempus semper, est quam pharetra magna, ac consequat metus sapien ut nunc. Vestibulum ante ipsum primis in faucibus orci luctus et ultrices posuere cubilia Curae; Mauris viverra diam vitae quam. Suspendisse potenti. Nullam porttitor lacus at turpis.',
        1370, 0.12, 2);
insert into books (id, pub_date, is_bestseller, slug, title, image, description, price, discount, rating)
values (86, '2019/04/06', 1, 'comedy', 'Battle of the Bulge', 'http://dummyimage.com/722x408.png/dddddd/000000',
        'Nam congue, risus semper porta volutpat, quam pede lobortis ligula, sit amet eleifend pede libero quis orci. Nullam molestie nibh in lectus. Pellentesque at nulla. Suspendisse potenti. Cras in purus eu magna vulputate luctus. Cum sociis natoque penatibus et magnis dis parturient montes, nascetur ridiculus mus.',
        1519, 0.35, 5);
insert into books (id, pub_date, is_bestseller, slug, title, image, description, price, discount, rating)
values (87, '2020/09/05', 0, 'fantasy', 'Adam''s Apples (Adams æbler)',
        'http://dummyimage.com/542x794.png/dddddd/000000',
        'Donec odio justo, sollicitudin ut, suscipit a, feugiat et, eros. Vestibulum ac est lacinia nisi venenatis tristique. Fusce congue, diam id ornare imperdiet, sapien urna pretium nisl, ut volutpat sapien arcu sed augue. Aliquam erat volutpat. In congue. Etiam justo.',
        1606, 0.09, 5);
insert into books (id, pub_date, is_bestseller, slug, title, image, description, price, discount, rating)
values (88, '2012/07/30', 1, 'film-noir', 'Dead Again', 'http://dummyimage.com/701x548.png/5fa2dd/ffffff',
        'Vivamus tortor. Duis mattis egestas metus. Aenean fermentum. Donec ut mauris eget massa tempor convallis. Nulla neque libero, convallis eget, eleifend luctus, ultricies eu, nibh.',
        1387, 0.34, 3);
insert into books (id, pub_date, is_bestseller, slug, title, image, description, price, discount, rating)
values (89, '2010/11/21', 0, 'animation', 'Father of the Bride', 'http://dummyimage.com/707x327.png/dddddd/000000',
        'Fusce lacus purus, aliquet at, feugiat non, pretium quis, lectus. Suspendisse potenti. In eleifend quam a odio. In hac habitasse platea dictumst. Maecenas ut massa quis augue luctus tincidunt. Nulla mollis molestie lorem.',
        2428, 0.26, 5);
insert into books (id, pub_date, is_bestseller, slug, title, image, description, price, discount, rating)
values (90, '2014/03/31', 1, 'crime', 'Three Worlds (Trois mondes)', 'http://dummyimage.com/369x522.png/dddddd/000000',
        'Nulla facilisi. Cras non velit nec nisi vulputate nonummy. Maecenas tincidunt lacus at velit. Vivamus vel nulla eget eros elementum pellentesque. Quisque porta volutpat erat. Quisque erat eros, viverra eget, congue eget, semper rutrum, nulla.',
        2345, 0.07, 1);
insert into books (id, pub_date, is_bestseller, slug, title, image, description, price, discount, rating)
values (91, '2015/09/04', 0, 'animation', 'Curve, The (Dead Man''s Curve)',
        'http://dummyimage.com/355x319.png/cc0000/ffffff',
        'Vivamus in felis eu sapien cursus vestibulum. Proin eu mi. Nulla ac enim. In tempor, turpis nec euismod scelerisque, quam turpis adipiscing lorem, vitae mattis nibh ligula nec sem. Duis aliquam convallis nunc. Proin at turpis a pede posuere nonummy.',
        841, 0.4, 5);
insert into books (id, pub_date, is_bestseller, slug, title, image, description, price, discount, rating)
values (92, '2012/09/29', 0, 'western', 'Marianne & Juliane (Die Bleierne Zeit)',
        'http://dummyimage.com/678x449.png/5fa2dd/ffffff',
        'Mauris lacinia sapien quis libero. Nullam sit amet turpis elementum ligula vehicula consequat. Morbi a ipsum. Integer a nibh. In quis justo.',
        1495, 0.43, 5);
insert into books (id, pub_date, is_bestseller, slug, title, image, description, price, discount, rating)
values (93, '2021/02/06', 1, 'western', 'Zatoichi and the Chess Expert (Zatôichi Jigoku tabi) (Zatôichi 12)',
        'http://dummyimage.com/512x442.png/cc0000/ffffff',
        'In hac habitasse platea dictumst. Etiam faucibus cursus urna. Ut tellus. Nulla ut erat id mauris vulputate elementum. Nullam varius. Nulla facilisi.',
        1074, 0.18, 0);
insert into books (id, pub_date, is_bestseller, slug, title, image, description, price, discount, rating)
values (94, '2019/02/09', 0, 'western', '30 Years to Life', 'http://dummyimage.com/531x637.png/ff4444/ffffff',
        'Vestibulum rutrum rutrum neque. Aenean auctor gravida sem. Praesent id massa id nisl venenatis lacinia. Aenean sit amet justo. Morbi ut odio.',
        855, 0.31, 0);
insert into books (id, pub_date, is_bestseller, slug, title, image, description, price, discount, rating)
values (95, '2020/08/23', 0, 'animation', 'Barbarians at the Gate', 'http://dummyimage.com/576x370.png/5fa2dd/ffffff',
        'Pellentesque ultrices mattis odio. Donec vitae nisi. Nam ultrices, libero non mattis pulvinar, nulla pede ullamcorper augue, a suscipit nulla elit ac nulla. Sed vel enim sit amet nunc viverra dapibus. Nulla suscipit ligula in lacus. Curabitur at ipsum ac tellus semper interdum.',
        163, 0.12, 1);
insert into books (id, pub_date, is_bestseller, slug, title, image, description, price, discount, rating)
values (96, '2021/02/22', 0, 'comedy', 'Ivul', 'http://dummyimage.com/515x397.png/dddddd/000000',
        'Ut at dolor quis odio consequat varius. Integer ac leo. Pellentesque ultrices mattis odio. Donec vitae nisi. Nam ultrices, libero non mattis pulvinar, nulla pede ullamcorper augue, a suscipit nulla elit ac nulla.',
        1830, 0.3, 3);
insert into books (id, pub_date, is_bestseller, slug, title, image, description, price, discount, rating)
values (97, '2019/03/02', 1, 'comedy', 'Gainsbourg (Vie Héroïque)', 'http://dummyimage.com/305x389.png/cc0000/ffffff',
        'Sed ante. Vivamus tortor. Duis mattis egestas metus. Aenean fermentum. Donec ut mauris eget massa tempor convallis.',
        2040, 0.08, 4);
insert into books (id, pub_date, is_bestseller, slug, title, image, description, price, discount, rating)
values (98, '2019/10/22', 0, 'western', 'Royal Scandal, A', 'http://dummyimage.com/698x767.png/ff4444/ffffff',
        'Quisque erat eros, viverra eget, congue eget, semper rutrum, nulla. Nunc purus. Phasellus in felis. Donec semper sapien a libero. Nam dui. Proin leo odio, porttitor id, consequat in, consequat ut, nulla.',
        2398, 0.06, 3);
insert into books (id, pub_date, is_bestseller, slug, title, image, description, price, discount, rating)
values (99, '2012/03/15', 0, 'mystery', 'Barabbas', 'http://dummyimage.com/495x545.png/ff4444/ffffff',
        'Pellentesque viverra pede ac diam. Cras pellentesque volutpat dui. Maecenas tristique, est et tempus semper, est quam pharetra magna, ac consequat metus sapien ut nunc. Vestibulum ante ipsum primis in faucibus orci luctus et ultrices posuere cubilia Curae; Mauris viverra diam vitae quam. Suspendisse potenti. Nullam porttitor lacus at turpis.',
        1875, 0.39, 1);
insert into books (id, pub_date, is_bestseller, slug, title, image, description, price, discount, rating)
values (100, '2017/09/24', 1, 'film-noir', 'Foolish', 'http://dummyimage.com/552x490.png/ff4444/ffffff',
        'Donec vitae nisi. Nam ultrices, libero non mattis pulvinar, nulla pede ullamcorper augue, a suscipit nulla elit ac nulla. Sed vel enim sit amet nunc viverra dapibus. Nulla suscipit ligula in lacus. Curabitur at ipsum ac tellus semper interdum.',
        435, 0.42, 2);
insert into books (id, pub_date, is_bestseller, slug, title, image, description, price, discount, rating)
values (101, '2018/02/01', 1, 'thriller', 'Spare Bed-Room', 'http://dummyimage.com/559x284.png/ff4444/ffffff',
        'Nulla ut erat id mauris vulputate elementum. Nullam varius. Nulla facilisi. Cras non velit nec nisi vulputate nonummy. Maecenas tincidunt lacus at velit.',
        903, 0.11, 0);
insert into books (id, pub_date, is_bestseller, slug, title, image, description, price, discount, rating)
values (102, '2020/12/17', 1, 'animation', 'India Song', 'http://dummyimage.com/438x600.png/cc0000/ffffff',
        'Praesent blandit lacinia erat. Vestibulum sed magna at nunc commodo placerat. Praesent blandit. Nam nulla. Integer pede justo, lacinia eget, tincidunt eget, tempus vel, pede. Morbi porttitor lorem id ligula.',
        1851, 0.49, 3);
insert into books (id, pub_date, is_bestseller, slug, title, image, description, price, discount, rating)
values (103, '2016/04/02', 1, 'crime', 'Palme', 'http://dummyimage.com/483x518.png/5fa2dd/ffffff',
        'In hac habitasse platea dictumst. Aliquam augue quam, sollicitudin vitae, consectetuer eget, rutrum at, lorem. Integer tincidunt ante vel ipsum. Praesent blandit lacinia erat. Vestibulum sed magna at nunc commodo placerat. Praesent blandit.',
        1271, 0.21, 2);
insert into books (id, pub_date, is_bestseller, slug, title, image, description, price, discount, rating)
values (104, '2017/04/08', 0, 'documentary', 'Zatoichi', 'http://dummyimage.com/706x588.png/cc0000/ffffff',
        'Vestibulum ante ipsum primis in faucibus orci luctus et ultrices posuere cubilia Curae; Nulla dapibus dolor vel est. Donec odio justo, sollicitudin ut, suscipit a, feugiat et, eros. Vestibulum ac est lacinia nisi venenatis tristique. Fusce congue, diam id ornare imperdiet, sapien urna pretium nisl, ut volutpat sapien arcu sed augue. Aliquam erat volutpat.',
        2434, 0.2, 2);
insert into books (id, pub_date, is_bestseller, slug, title, image, description, price, discount, rating)
values (105, '2012/06/17', 1, 'western', 'Mikey and Nicky', 'http://dummyimage.com/355x431.png/cc0000/ffffff',
        'Sed sagittis. Nam congue, risus semper porta volutpat, quam pede lobortis ligula, sit amet eleifend pede libero quis orci. Nullam molestie nibh in lectus. Pellentesque at nulla. Suspendisse potenti. Cras in purus eu magna vulputate luctus.',
        1537, 0.42, 5);
insert into books (id, pub_date, is_bestseller, slug, title, image, description, price, discount, rating)
values (106, '2019/07/13', 1, 'western', 'Katie Tippel (Keetje Tippel)',
        'http://dummyimage.com/456x647.png/cc0000/ffffff',
        'Nullam molestie nibh in lectus. Pellentesque at nulla. Suspendisse potenti. Cras in purus eu magna vulputate luctus. Cum sociis natoque penatibus et magnis dis parturient montes, nascetur ridiculus mus. Vivamus vestibulum sagittis sapien.',
        1091, 0.13, 0);
insert into books (id, pub_date, is_bestseller, slug, title, image, description, price, discount, rating)
values (107, '2017/11/29', 0, 'crime', 'Terror Beneath the Sea, The (Kaitei daisensô)',
        'http://dummyimage.com/332x572.png/ff4444/ffffff',
        'Morbi ut odio. Cras mi pede, malesuada in, imperdiet et, commodo vulputate, justo. In blandit ultrices enim. Lorem ipsum dolor sit amet, consectetuer adipiscing elit. Proin interdum mauris non ligula pellentesque ultrices. Phasellus id sapien in sapien iaculis congue.',
        1500, 0.28, 1);
insert into books (id, pub_date, is_bestseller, slug, title, image, description, price, discount, rating)
values (108, '2020/02/05', 0, 'animation',
        'Henry Kissinger: Secrets of a Superpower (Henry Kissinger - Geheimnisse einer Supermacht)',
        'http://dummyimage.com/385x589.png/cc0000/ffffff',
        'Quisque porta volutpat erat. Quisque erat eros, viverra eget, congue eget, semper rutrum, nulla. Nunc purus. Phasellus in felis. Donec semper sapien a libero.',
        1314, 0.45, 3);
insert into books (id, pub_date, is_bestseller, slug, title, image, description, price, discount, rating)
values (109, '2020/10/06', 0, 'mystery', 'Flakes', 'http://dummyimage.com/599x678.png/dddddd/000000',
        'Proin interdum mauris non ligula pellentesque ultrices. Phasellus id sapien in sapien iaculis congue. Vivamus metus arcu, adipiscing molestie, hendrerit at, vulputate vitae, nisl. Aenean lectus. Pellentesque eget nunc. Donec quis orci eget orci vehicula condimentum.',
        1759, 0.35, 0);
insert into books (id, pub_date, is_bestseller, slug, title, image, description, price, discount, rating)
values (110, '2014/11/23', 0, 'documentary', 'Black Dahlia, The', 'http://dummyimage.com/361x752.png/ff4444/ffffff',
        'Phasellus sit amet erat. Nulla tempus. Vivamus in felis eu sapien cursus vestibulum. Proin eu mi. Nulla ac enim. In tempor, turpis nec euismod scelerisque, quam turpis adipiscing lorem, vitae mattis nibh ligula nec sem.',
        1942, 0.06, 3);
insert into books (id, pub_date, is_bestseller, slug, title, image, description, price, discount, rating)
values (111, '2013/06/14', 1, 'western', 'From Paris with Love', 'http://dummyimage.com/310x734.png/ff4444/ffffff',
        'Maecenas leo odio, condimentum id, luctus nec, molestie sed, justo. Pellentesque viverra pede ac diam. Cras pellentesque volutpat dui. Maecenas tristique, est et tempus semper, est quam pharetra magna, ac consequat metus sapien ut nunc. Vestibulum ante ipsum primis in faucibus orci luctus et ultrices posuere cubilia Curae; Mauris viverra diam vitae quam. Suspendisse potenti.',
        1887, 0.49, 0);
insert into books (id, pub_date, is_bestseller, slug, title, image, description, price, discount, rating)
values (112, '2011/04/09', 0, 'thriller', 'Altered', 'http://dummyimage.com/402x667.png/ff4444/ffffff',
        'Duis consequat dui nec nisi volutpat eleifend. Donec ut dolor. Morbi vel lectus in quam fringilla rhoncus. Mauris enim leo, rhoncus sed, vestibulum sit amet, cursus id, turpis. Integer aliquet, massa id lobortis convallis, tortor risus dapibus augue, vel accumsan tellus nisi eu orci. Mauris lacinia sapien quis libero.',
        2473, 0.24, 1);
insert into books (id, pub_date, is_bestseller, slug, title, image, description, price, discount, rating)
values (113, '2015/07/06', 0, 'documentary', 'Sällskapsresan II - Snowroller',
        'http://dummyimage.com/296x277.png/5fa2dd/ffffff',
        'Proin interdum mauris non ligula pellentesque ultrices. Phasellus id sapien in sapien iaculis congue. Vivamus metus arcu, adipiscing molestie, hendrerit at, vulputate vitae, nisl. Aenean lectus. Pellentesque eget nunc. Donec quis orci eget orci vehicula condimentum.',
        1489, 0.28, 4);
insert into books (id, pub_date, is_bestseller, slug, title, image, description, price, discount, rating)
values (114, '2012/02/14', 0, 'western', 'Edward, My Son', 'http://dummyimage.com/298x275.png/ff4444/ffffff',
        'In blandit ultrices enim. Lorem ipsum dolor sit amet, consectetuer adipiscing elit. Proin interdum mauris non ligula pellentesque ultrices. Phasellus id sapien in sapien iaculis congue. Vivamus metus arcu, adipiscing molestie, hendrerit at, vulputate vitae, nisl. Aenean lectus.',
        915, 0.25, 5);
insert into books (id, pub_date, is_bestseller, slug, title, image, description, price, discount, rating)
values (115, '2020/04/14', 1, 'mystery', 'Hound of the Baskervilles, The',
        'http://dummyimage.com/341x491.png/dddddd/000000',
        'Morbi vestibulum, velit id pretium iaculis, diam erat fermentum justo, nec condimentum neque sapien placerat ante. Nulla justo. Aliquam quis turpis eget elit sodales scelerisque. Mauris sit amet eros. Suspendisse accumsan tortor quis turpis.',
        841, 0.26, 2);
insert into books (id, pub_date, is_bestseller, slug, title, image, description, price, discount, rating)
values (116, '2019/07/24', 0, 'comedy', 'Last Time I Committed Suicide, The',
        'http://dummyimage.com/575x269.png/ff4444/ffffff',
        'Suspendisse potenti. In eleifend quam a odio. In hac habitasse platea dictumst. Maecenas ut massa quis augue luctus tincidunt. Nulla mollis molestie lorem. Quisque ut erat.',
        2215, 0.25, 0);
insert into books (id, pub_date, is_bestseller, slug, title, image, description, price, discount, rating)
values (117, '2010/12/25', 0, 'film-noir', '30 Years to Life', 'http://dummyimage.com/760x607.png/ff4444/ffffff',
        'Phasellus sit amet erat. Nulla tempus. Vivamus in felis eu sapien cursus vestibulum. Proin eu mi. Nulla ac enim.',
        610, 0.29, 1);
insert into books (id, pub_date, is_bestseller, slug, title, image, description, price, discount, rating)
values (118, '2016/12/04', 1, 'crime', 'Wish You Were Here', 'http://dummyimage.com/684x464.png/dddddd/000000',
        'Cras non velit nec nisi vulputate nonummy. Maecenas tincidunt lacus at velit. Vivamus vel nulla eget eros elementum pellentesque. Quisque porta volutpat erat. Quisque erat eros, viverra eget, congue eget, semper rutrum, nulla. Nunc purus.',
        2463, 0.28, 1);
insert into books (id, pub_date, is_bestseller, slug, title, image, description, price, discount, rating)
values (119, '2018/03/29', 0, 'animation', 'Tom and Jerry: A Nutcracker Tale',
        'http://dummyimage.com/753x348.png/cc0000/ffffff',
        'Morbi non lectus. Aliquam sit amet diam in magna bibendum imperdiet. Nullam orci pede, venenatis non, sodales sed, tincidunt eu, felis. Fusce posuere felis sed lacus. Morbi sem mauris, laoreet ut, rhoncus aliquet, pulvinar sed, nisl. Nunc rhoncus dui vel sem.',
        309, 0.46, 2);
insert into books (id, pub_date, is_bestseller, slug, title, image, description, price, discount, rating)
values (120, '2021/01/26', 1, 'comedy', 'Guy Named Joe, A', 'http://dummyimage.com/486x417.png/dddddd/000000',
        'In est risus, auctor sed, tristique in, tempus sit amet, sem. Fusce consequat. Nulla nisl. Nunc nisl. Duis bibendum, felis sed interdum venenatis, turpis enim blandit mi, in porttitor pede justo eu massa.',
        1215, 0.29, 0);
insert into books (id, pub_date, is_bestseller, slug, title, image, description, price, discount, rating)
values (121, '2018/03/12', 0, 'crime', 'Water-mirror of Granada', 'http://dummyimage.com/690x353.png/5fa2dd/ffffff',
        'Fusce consequat. Nulla nisl. Nunc nisl. Duis bibendum, felis sed interdum venenatis, turpis enim blandit mi, in porttitor pede justo eu massa. Donec dapibus. Duis at velit eu est congue elementum.',
        2060, 0.29, 4);
insert into books (id, pub_date, is_bestseller, slug, title, image, description, price, discount, rating)
values (122, '2012/02/23', 1, 'film-noir', 'Special', 'http://dummyimage.com/679x547.png/5fa2dd/ffffff',
        'Morbi vel lectus in quam fringilla rhoncus. Mauris enim leo, rhoncus sed, vestibulum sit amet, cursus id, turpis. Integer aliquet, massa id lobortis convallis, tortor risus dapibus augue, vel accumsan tellus nisi eu orci. Mauris lacinia sapien quis libero. Nullam sit amet turpis elementum ligula vehicula consequat. Morbi a ipsum.',
        1657, 0.3, 0);
insert into books (id, pub_date, is_bestseller, slug, title, image, description, price, discount, rating)
values (123, '2017/11/04', 0, 'animation', 'City of Industry', 'http://dummyimage.com/301x400.png/5fa2dd/ffffff',
        'Cras mi pede, malesuada in, imperdiet et, commodo vulputate, justo. In blandit ultrices enim. Lorem ipsum dolor sit amet, consectetuer adipiscing elit. Proin interdum mauris non ligula pellentesque ultrices. Phasellus id sapien in sapien iaculis congue. Vivamus metus arcu, adipiscing molestie, hendrerit at, vulputate vitae, nisl.',
        205, 0.1, 5);
insert into books (id, pub_date, is_bestseller, slug, title, image, description, price, discount, rating)
values (124, '2011/09/23', 1, 'mystery', 'Double, The', 'http://dummyimage.com/486x511.png/ff4444/ffffff',
        'Praesent blandit. Nam nulla. Integer pede justo, lacinia eget, tincidunt eget, tempus vel, pede. Morbi porttitor lorem id ligula. Suspendisse ornare consequat lectus. In est risus, auctor sed, tristique in, tempus sit amet, sem.',
        1030, 0.12, 1);
insert into books (id, pub_date, is_bestseller, slug, title, image, description, price, discount, rating)
values (125, '2015/10/04', 1, 'fantasy', 'Robot Carnival (Roboto kânibauru)',
        'http://dummyimage.com/611x727.png/5fa2dd/ffffff',
        'In est risus, auctor sed, tristique in, tempus sit amet, sem. Fusce consequat. Nulla nisl. Nunc nisl. Duis bibendum, felis sed interdum venenatis, turpis enim blandit mi, in porttitor pede justo eu massa. Donec dapibus.',
        1873, 0.46, 5);
insert into books (id, pub_date, is_bestseller, slug, title, image, description, price, discount, rating)
values (126, '2012/08/22', 0, 'mystery', 'Vuonna 85', 'http://dummyimage.com/406x594.png/dddddd/000000',
        'Nam nulla. Integer pede justo, lacinia eget, tincidunt eget, tempus vel, pede. Morbi porttitor lorem id ligula. Suspendisse ornare consequat lectus. In est risus, auctor sed, tristique in, tempus sit amet, sem.',
        246, 0.34, 0);
insert into books (id, pub_date, is_bestseller, slug, title, image, description, price, discount, rating)
values (127, '2016/04/10', 1, 'thriller', 'Paradise Lost 2: Revelations',
        'http://dummyimage.com/791x512.png/cc0000/ffffff',
        'Fusce posuere felis sed lacus. Morbi sem mauris, laoreet ut, rhoncus aliquet, pulvinar sed, nisl. Nunc rhoncus dui vel sem. Sed sagittis. Nam congue, risus semper porta volutpat, quam pede lobortis ligula, sit amet eleifend pede libero quis orci. Nullam molestie nibh in lectus.',
        1616, 0.45, 3);
insert into books (id, pub_date, is_bestseller, slug, title, image, description, price, discount, rating)
values (128, '2017/07/25', 1, 'drama', 'Ten Commandments, The', 'http://dummyimage.com/630x758.png/dddddd/000000',
        'Proin risus. Praesent lectus. Vestibulum quam sapien, varius ut, blandit non, interdum in, ante. Vestibulum ante ipsum primis in faucibus orci luctus et ultrices posuere cubilia Curae; Duis faucibus accumsan odio. Curabitur convallis. Duis consequat dui nec nisi volutpat eleifend.',
        2365, 0.32, 4);
insert into books (id, pub_date, is_bestseller, slug, title, image, description, price, discount, rating)
values (129, '2018/10/24', 0, 'film-noir', 'Bulldog Drummond Escapes',
        'http://dummyimage.com/396x719.png/ff4444/ffffff',
        'Suspendisse potenti. Cras in purus eu magna vulputate luctus. Cum sociis natoque penatibus et magnis dis parturient montes, nascetur ridiculus mus. Vivamus vestibulum sagittis sapien. Cum sociis natoque penatibus et magnis dis parturient montes, nascetur ridiculus mus. Etiam vel augue.',
        1400, 0.45, 1);
insert into books (id, pub_date, is_bestseller, slug, title, image, description, price, discount, rating)
values (130, '2014/06/15', 0, 'mystery', 'Anatahan', 'http://dummyimage.com/594x701.png/cc0000/ffffff',
        'Phasellus in felis. Donec semper sapien a libero. Nam dui. Proin leo odio, porttitor id, consequat in, consequat ut, nulla. Sed accumsan felis.',
        863, 0.16, 2);
insert into books (id, pub_date, is_bestseller, slug, title, image, description, price, discount, rating)
values (131, '2010/11/28', 0, 'animation', 'Dr. Jekyll and Mr. Hyde', 'http://dummyimage.com/521x506.png/dddddd/000000',
        'Nunc purus. Phasellus in felis. Donec semper sapien a libero. Nam dui. Proin leo odio, porttitor id, consequat in, consequat ut, nulla. Sed accumsan felis.',
        907, 0.48, 3);
insert into books (id, pub_date, is_bestseller, slug, title, image, description, price, discount, rating)
values (132, '2012/02/26', 1, 'animation', 'Chaos', 'http://dummyimage.com/456x322.png/5fa2dd/ffffff',
        'Integer ac leo. Pellentesque ultrices mattis odio. Donec vitae nisi. Nam ultrices, libero non mattis pulvinar, nulla pede ullamcorper augue, a suscipit nulla elit ac nulla. Sed vel enim sit amet nunc viverra dapibus. Nulla suscipit ligula in lacus.',
        1017, 0.13, 0);
insert into books (id, pub_date, is_bestseller, slug, title, image, description, price, discount, rating)
values (133, '2019/08/27', 1, 'documentary', 'Mission: Impossible', 'http://dummyimage.com/490x285.png/cc0000/ffffff',
        'Quisque erat eros, viverra eget, congue eget, semper rutrum, nulla. Nunc purus. Phasellus in felis. Donec semper sapien a libero. Nam dui. Proin leo odio, porttitor id, consequat in, consequat ut, nulla.',
        885, 0.18, 5);
insert into books (id, pub_date, is_bestseller, slug, title, image, description, price, discount, rating)
values (134, '2011/08/13', 0, 'film-noir', 'Idol of the Crowds', 'http://dummyimage.com/525x635.png/ff4444/ffffff',
        'Praesent id massa id nisl venenatis lacinia. Aenean sit amet justo. Morbi ut odio. Cras mi pede, malesuada in, imperdiet et, commodo vulputate, justo. In blandit ultrices enim.',
        1590, 0.09, 1);
insert into books (id, pub_date, is_bestseller, slug, title, image, description, price, discount, rating)
values (135, '2017/04/06', 1, 'animation', 'Russian Ark (Russkiy Kovcheg)',
        'http://dummyimage.com/442x770.png/5fa2dd/ffffff',
        'Aliquam quis turpis eget elit sodales scelerisque. Mauris sit amet eros. Suspendisse accumsan tortor quis turpis. Sed ante. Vivamus tortor.',
        871, 0.14, 1);
insert into books (id, pub_date, is_bestseller, slug, title, image, description, price, discount, rating)
values (136, '2013/06/16', 1, 'documentary', 'We''re No Angels', 'http://dummyimage.com/492x781.png/5fa2dd/ffffff',
        'In est risus, auctor sed, tristique in, tempus sit amet, sem. Fusce consequat. Nulla nisl. Nunc nisl. Duis bibendum, felis sed interdum venenatis, turpis enim blandit mi, in porttitor pede justo eu massa. Donec dapibus.',
        1889, 0.49, 3);
insert into books (id, pub_date, is_bestseller, slug, title, image, description, price, discount, rating)
values (137, '2011/03/26', 1, 'documentary', 'Picture Bride (Bijo photo)',
        'http://dummyimage.com/433x728.png/ff4444/ffffff',
        'Duis bibendum, felis sed interdum venenatis, turpis enim blandit mi, in porttitor pede justo eu massa. Donec dapibus. Duis at velit eu est congue elementum. In hac habitasse platea dictumst. Morbi vestibulum, velit id pretium iaculis, diam erat fermentum justo, nec condimentum neque sapien placerat ante.',
        2221, 0.44, 2);
insert into books (id, pub_date, is_bestseller, slug, title, image, description, price, discount, rating)
values (138, '2013/04/09', 1, 'fantasy', 'My Dinner with André', 'http://dummyimage.com/267x585.png/cc0000/ffffff',
        'In est risus, auctor sed, tristique in, tempus sit amet, sem. Fusce consequat. Nulla nisl. Nunc nisl. Duis bibendum, felis sed interdum venenatis, turpis enim blandit mi, in porttitor pede justo eu massa. Donec dapibus.',
        1581, 0.07, 3);
insert into books (id, pub_date, is_bestseller, slug, title, image, description, price, discount, rating)
values (139, '2014/11/16', 1, 'drama', 'Death Hunt', 'http://dummyimage.com/355x279.png/dddddd/000000',
        'Nulla facilisi. Cras non velit nec nisi vulputate nonummy. Maecenas tincidunt lacus at velit. Vivamus vel nulla eget eros elementum pellentesque. Quisque porta volutpat erat. Quisque erat eros, viverra eget, congue eget, semper rutrum, nulla.',
        2372, 0.2, 3);
insert into books (id, pub_date, is_bestseller, slug, title, image, description, price, discount, rating)
values (140, '2012/03/24', 0, 'western', 'Star Wars: Episode I - The Phantom Menace',
        'http://dummyimage.com/546x349.png/dddddd/000000',
        'Nulla justo. Aliquam quis turpis eget elit sodales scelerisque. Mauris sit amet eros. Suspendisse accumsan tortor quis turpis. Sed ante. Vivamus tortor.',
        972, 0.49, 0);
insert into books (id, pub_date, is_bestseller, slug, title, image, description, price, discount, rating)
values (141, '2020/12/06', 1, 'western', 'Boys on the Side', 'http://dummyimage.com/549x428.png/ff4444/ffffff',
        'Nam congue, risus semper porta volutpat, quam pede lobortis ligula, sit amet eleifend pede libero quis orci. Nullam molestie nibh in lectus. Pellentesque at nulla. Suspendisse potenti. Cras in purus eu magna vulputate luctus.',
        608, 0.34, 0);
insert into books (id, pub_date, is_bestseller, slug, title, image, description, price, discount, rating)
values (142, '2021/01/21', 0, 'thriller', 'Rogue Trader', 'http://dummyimage.com/294x513.png/ff4444/ffffff',
        'Donec dapibus. Duis at velit eu est congue elementum. In hac habitasse platea dictumst. Morbi vestibulum, velit id pretium iaculis, diam erat fermentum justo, nec condimentum neque sapien placerat ante. Nulla justo.',
        130, 0.18, 3);
insert into books (id, pub_date, is_bestseller, slug, title, image, description, price, discount, rating)
values (143, '2014/03/05', 1, 'crime', 'Jezebel', 'http://dummyimage.com/454x319.png/5fa2dd/ffffff',
        'Nunc purus. Phasellus in felis. Donec semper sapien a libero. Nam dui. Proin leo odio, porttitor id, consequat in, consequat ut, nulla.',
        605, 0.49, 5);
insert into books (id, pub_date, is_bestseller, slug, title, image, description, price, discount, rating)
values (144, '2018/09/22', 0, 'fantasy', 'Breaking Wind', 'http://dummyimage.com/465x299.png/5fa2dd/ffffff',
        'Integer aliquet, massa id lobortis convallis, tortor risus dapibus augue, vel accumsan tellus nisi eu orci. Mauris lacinia sapien quis libero. Nullam sit amet turpis elementum ligula vehicula consequat. Morbi a ipsum. Integer a nibh. In quis justo.',
        1973, 0.25, 4);
insert into books (id, pub_date, is_bestseller, slug, title, image, description, price, discount, rating)
values (145, '2015/07/23', 0, 'drama', 'Nazis at the Center of the Earth',
        'http://dummyimage.com/311x427.png/cc0000/ffffff',
        'In sagittis dui vel nisl. Duis ac nibh. Fusce lacus purus, aliquet at, feugiat non, pretium quis, lectus. Suspendisse potenti. In eleifend quam a odio. In hac habitasse platea dictumst.',
        2030, 0.33, 3);
insert into books (id, pub_date, is_bestseller, slug, title, image, description, price, discount, rating)
values (146, '2014/04/06', 0, 'drama', 'Sparkle', 'http://dummyimage.com/687x636.png/ff4444/ffffff',
        'In blandit ultrices enim. Lorem ipsum dolor sit amet, consectetuer adipiscing elit. Proin interdum mauris non ligula pellentesque ultrices. Phasellus id sapien in sapien iaculis congue. Vivamus metus arcu, adipiscing molestie, hendrerit at, vulputate vitae, nisl.',
        2424, 0.11, 4);
insert into books (id, pub_date, is_bestseller, slug, title, image, description, price, discount, rating)
values (147, '2019/08/01', 1, 'documentary', 'Dear Brigitte', 'http://dummyimage.com/335x406.png/ff4444/ffffff',
        'Cras pellentesque volutpat dui. Maecenas tristique, est et tempus semper, est quam pharetra magna, ac consequat metus sapien ut nunc. Vestibulum ante ipsum primis in faucibus orci luctus et ultrices posuere cubilia Curae; Mauris viverra diam vitae quam. Suspendisse potenti. Nullam porttitor lacus at turpis.',
        782, 0.44, 0);
insert into books (id, pub_date, is_bestseller, slug, title, image, description, price, discount, rating)
values (148, '2016/02/22', 0, 'film-noir', 'Kimberly', 'http://dummyimage.com/600x623.png/5fa2dd/ffffff',
        'Duis bibendum, felis sed interdum venenatis, turpis enim blandit mi, in porttitor pede justo eu massa. Donec dapibus. Duis at velit eu est congue elementum. In hac habitasse platea dictumst. Morbi vestibulum, velit id pretium iaculis, diam erat fermentum justo, nec condimentum neque sapien placerat ante. Nulla justo.',
        1466, 0.41, 3);
insert into books (id, pub_date, is_bestseller, slug, title, image, description, price, discount, rating)
values (149, '2012/07/07', 0, 'crime', 'State Fair', 'http://dummyimage.com/642x373.png/5fa2dd/ffffff',
        'In est risus, auctor sed, tristique in, tempus sit amet, sem. Fusce consequat. Nulla nisl. Nunc nisl. Duis bibendum, felis sed interdum venenatis, turpis enim blandit mi, in porttitor pede justo eu massa.',
        1975, 0.38, 1);
insert into books (id, pub_date, is_bestseller, slug, title, image, description, price, discount, rating)
values (150, '2013/03/07', 1, 'western', 'Foreigner, The', 'http://dummyimage.com/375x250.png/5fa2dd/ffffff',
        'Vestibulum quam sapien, varius ut, blandit non, interdum in, ante. Vestibulum ante ipsum primis in faucibus orci luctus et ultrices posuere cubilia Curae; Duis faucibus accumsan odio. Curabitur convallis. Duis consequat dui nec nisi volutpat eleifend. Donec ut dolor.',
        1120, 0.27, 4);


insert into book2genre (genre_id, book_id)
values (1, 1);
insert into book2genre (genre_id, book_id)
values (1, 2);
insert into book2genre (genre_id, book_id)
values (1, 3);
insert into book2genre (genre_id, book_id)
values (1, 4);
insert into book2genre (genre_id, book_id)
values (1, 5);
insert into book2genre (genre_id, book_id)
values (1, 6);
insert into book2genre (genre_id, book_id)
values (1, 7);
insert into book2genre (genre_id, book_id)
values (1, 8);
insert into book2genre (genre_id, book_id)
values (1, 9);
insert into book2genre (genre_id, book_id)
values (1, 10);
insert into book2genre (genre_id, book_id)
values (1, 11);
insert into book2genre (genre_id, book_id)
values (1, 12);
insert into book2genre (genre_id, book_id)
values (1, 13);
insert into book2genre (genre_id, book_id)
values (1, 14);
insert into book2genre (genre_id, book_id)
values (1, 15);
insert into book2genre (genre_id, book_id)
values (1, 16);
insert into book2genre (genre_id, book_id)
values (1, 17);
insert into book2genre (genre_id, book_id)
values (1, 18);
insert into book2genre (genre_id, book_id)
values (1, 19);
insert into book2genre (genre_id, book_id)
values (1, 20);
insert into book2genre (genre_id, book_id)
values (2, 21);
insert into book2genre (genre_id, book_id)
values (2, 22);
insert into book2genre (genre_id, book_id)
values (2, 23);
insert into book2genre (genre_id, book_id)
values (2, 24);
insert into book2genre (genre_id, book_id)
values (2, 25);
insert into book2genre (genre_id, book_id)
values (2, 26);
insert into book2genre (genre_id, book_id)
values (2, 27);
insert into book2genre (genre_id, book_id)
values (2, 28);
insert into book2genre (genre_id, book_id)
values (2, 29);
insert into book2genre (genre_id, book_id)
values (2, 30);
insert into book2genre (genre_id, book_id)
values (2, 31);
insert into book2genre (genre_id, book_id)
values (2, 32);
insert into book2genre (genre_id, book_id)
values (2, 33);
insert into book2genre (genre_id, book_id)
values (2, 34);
insert into book2genre (genre_id, book_id)
values (2, 35);
insert into book2genre (genre_id, book_id)
values (2, 36);
insert into book2genre (genre_id, book_id)
values (2, 37);
insert into book2genre (genre_id, book_id)
values (2, 38);
insert into book2genre (genre_id, book_id)
values (2, 39);
insert into book2genre (genre_id, book_id)
values (2, 40);
insert into book2genre (genre_id, book_id)
values (2, 41);
insert into book2genre (genre_id, book_id)
values (2, 42);
insert into book2genre (genre_id, book_id)
values (2, 43);
insert into book2genre (genre_id, book_id)
values (2, 44);
insert into book2genre (genre_id, book_id)
values (2, 45);
insert into book2genre (genre_id, book_id)
values (3, 46);
insert into book2genre (genre_id, book_id)
values (3, 47);
insert into book2genre (genre_id, book_id)
values (3, 48);
insert into book2genre (genre_id, book_id)
values (3, 49);
insert into book2genre (genre_id, book_id)
values (3, 50);
insert into book2genre (genre_id, book_id)
values (3, 51);
insert into book2genre (genre_id, book_id)
values (3, 52);
insert into book2genre (genre_id, book_id)
values (3, 53);
insert into book2genre (genre_id, book_id)
values (3, 54);
insert into book2genre (genre_id, book_id)
values (3, 55);
insert into book2genre (genre_id, book_id)
values (3, 56);
insert into book2genre (genre_id, book_id)
values (3, 57);
insert into book2genre (genre_id, book_id)
values (3, 58);
insert into book2genre (genre_id, book_id)
values (3, 59);
insert into book2genre (genre_id, book_id)
values (3, 60);
insert into book2genre (genre_id, book_id)
values (4, 61);
insert into book2genre (genre_id, book_id)
values (4, 62);
insert into book2genre (genre_id, book_id)
values (4, 63);
insert into book2genre (genre_id, book_id)
values (4, 64);
insert into book2genre (genre_id, book_id)
values (4, 65);
insert into book2genre (genre_id, book_id)
values (4, 66);
insert into book2genre (genre_id, book_id)
values (4, 67);
insert into book2genre (genre_id, book_id)
values (4, 68);
insert into book2genre (genre_id, book_id)
values (4, 69);
insert into book2genre (genre_id, book_id)
values (4, 70);
insert into book2genre (genre_id, book_id)
values (4, 71);
insert into book2genre (genre_id, book_id)
values (4, 72);
insert into book2genre (genre_id, book_id)
values (4, 73);
insert into book2genre (genre_id, book_id)
values (4, 74);
insert into book2genre (genre_id, book_id)
values (4, 75);
insert into book2genre (genre_id, book_id)
values (4, 76);
insert into book2genre (genre_id, book_id)
values (4, 77);
insert into book2genre (genre_id, book_id)
values (4, 78);
insert into book2genre (genre_id, book_id)
values (4, 79);
insert into book2genre (genre_id, book_id)
values (4, 80);
insert into book2genre (genre_id, book_id)
values (4, 81);
insert into book2genre (genre_id, book_id)
values (4, 82);
insert into book2genre (genre_id, book_id)
values (4, 83);
insert into book2genre (genre_id, book_id)
values (4, 84);
insert into book2genre (genre_id, book_id)
values (4, 85);
insert into book2genre (genre_id, book_id)
values (4, 86);
insert into book2genre (genre_id, book_id)
values (4, 87);
insert into book2genre (genre_id, book_id)
values (4, 88);
insert into book2genre (genre_id, book_id)
values (4, 89);
insert into book2genre (genre_id, book_id)
values (4, 90);
insert into book2genre (genre_id, book_id)
values (4, 91);
insert into book2genre (genre_id, book_id)
values (4, 92);
insert into book2genre (genre_id, book_id)
values (4, 93);
insert into book2genre (genre_id, book_id)
values (4, 94);
insert into book2genre (genre_id, book_id)
values (4, 95);
insert into book2genre (genre_id, book_id)
values (4, 96);
insert into book2genre (genre_id, book_id)
values (4, 97);
insert into book2genre (genre_id, book_id)
values (4, 98);
insert into book2genre (genre_id, book_id)
values (4, 99);
insert into book2genre (genre_id, book_id)
values (5, 100);
insert into book2genre (genre_id, book_id)
values (6, 101);
insert into book2genre (genre_id, book_id)
values (6, 102);
insert into book2genre (genre_id, book_id)
values (6, 103);
insert into book2genre (genre_id, book_id)
values (6, 104);
insert into book2genre (genre_id, book_id)
values (6, 105);
insert into book2genre (genre_id, book_id)
values (6, 106);
insert into book2genre (genre_id, book_id)
values (6, 107);
insert into book2genre (genre_id, book_id)
values (6, 108);
insert into book2genre (genre_id, book_id)
values (6, 109);
insert into book2genre (genre_id, book_id)
values (6, 110);
insert into book2genre (genre_id, book_id)
values (6, 111);
insert into book2genre (genre_id, book_id)
values (6, 112);
insert into book2genre (genre_id, book_id)
values (6, 113);
insert into book2genre (genre_id, book_id)
values (6, 114);
insert into book2genre (genre_id, book_id)
values (6, 115);
insert into book2genre (genre_id, book_id)
values (6, 116);
insert into book2genre (genre_id, book_id)
values (6, 117);
insert into book2genre (genre_id, book_id)
values (6, 118);
insert into book2genre (genre_id, book_id)
values (6, 119);
insert into book2genre (genre_id, book_id)
values (6, 120);
insert into book2genre (genre_id, book_id)
values (7, 121);
insert into book2genre (genre_id, book_id)
values (7, 122);
insert into book2genre (genre_id, book_id)
values (7, 123);
insert into book2genre (genre_id, book_id)
values (7, 124);
insert into book2genre (genre_id, book_id)
values (7, 125);
insert into book2genre (genre_id, book_id)
values (7, 126);
insert into book2genre (genre_id, book_id)
values (7, 127);
insert into book2genre (genre_id, book_id)
values (7, 128);
insert into book2genre (genre_id, book_id)
values (7, 129);
insert into book2genre (genre_id, book_id)
values (7, 130);
insert into book2genre (genre_id, book_id)
values (7, 131);
insert into book2genre (genre_id, book_id)
values (7, 132);
insert into book2genre (genre_id, book_id)
values (7, 133);
insert into book2genre (genre_id, book_id)
values (7, 134);
insert into book2genre (genre_id, book_id)
values (7, 135);
insert into book2genre (genre_id, book_id)
values (7, 136);
insert into book2genre (genre_id, book_id)
values (7, 137);
insert into book2genre (genre_id, book_id)
values (7, 138);
insert into book2genre (genre_id, book_id)
values (7, 139);
insert into book2genre (genre_id, book_id)
values (7, 140);
insert into book2genre (genre_id, book_id)
values (8, 141);
insert into book2genre (genre_id, book_id)
values (8, 142);
insert into book2genre (genre_id, book_id)
values (8, 143);
insert into book2genre (genre_id, book_id)
values (8, 144);
insert into book2genre (genre_id, book_id)
values (8, 145);
insert into book2genre (genre_id, book_id)
values (8, 146);
insert into book2genre (genre_id, book_id)
values (8, 147);
insert into book2genre (genre_id, book_id)
values (8, 148);
insert into book2genre (genre_id, book_id)
values (8, 149);
insert into book2genre (genre_id, book_id)
values (8, 150);
insert into book2genre (genre_id, book_id)
values (8, 1);
insert into book2genre (genre_id, book_id)
values (8, 2);
insert into book2genre (genre_id, book_id)
values (8, 3);
insert into book2genre (genre_id, book_id)
values (8, 4);
insert into book2genre (genre_id, book_id)
values (8, 5);
insert into book2genre (genre_id, book_id)
values (8, 6);
insert into book2genre (genre_id, book_id)
values (8, 7);
insert into book2genre (genre_id, book_id)
values (8, 8);
insert into book2genre (genre_id, book_id)
values (8, 9);
insert into book2genre (genre_id, book_id)
values (8, 10);
insert into book2genre (genre_id, book_id)
values (9, 11);
insert into book2genre (genre_id, book_id)
values (9, 12);
insert into book2genre (genre_id, book_id)
values (9, 13);
insert into book2genre (genre_id, book_id)
values (9, 14);
insert into book2genre (genre_id, book_id)
values (9, 15);
insert into book2genre (genre_id, book_id)
values (9, 16);
insert into book2genre (genre_id, book_id)
values (9, 17);
insert into book2genre (genre_id, book_id)
values (9, 18);
insert into book2genre (genre_id, book_id)
values (9, 19);
insert into book2genre (genre_id, book_id)
values (9, 20);
insert into book2genre (genre_id, book_id)
values (9, 21);
insert into book2genre (genre_id, book_id)
values (9, 22);
insert into book2genre (genre_id, book_id)
values (9, 23);
insert into book2genre (genre_id, book_id)
values (9, 24);
insert into book2genre (genre_id, book_id)
values (9, 25);
insert into book2genre (genre_id, book_id)
values (9, 26);
insert into book2genre (genre_id, book_id)
values (9, 27);
insert into book2genre (genre_id, book_id)
values (9, 28);
insert into book2genre (genre_id, book_id)
values (9, 29);
insert into book2genre (genre_id, book_id)
values (9, 30);
insert into book2genre (genre_id, book_id)
values (10, 31);
insert into book2genre (genre_id, book_id)
values (10, 32);
insert into book2genre (genre_id, book_id)
values (10, 33);
insert into book2genre (genre_id, book_id)
values (10, 34);
insert into book2genre (genre_id, book_id)
values (10, 35);
insert into book2genre (genre_id, book_id)
values (10, 36);
insert into book2genre (genre_id, book_id)
values (10, 37);
insert into book2genre (genre_id, book_id)
values (10, 38);
insert into book2genre (genre_id, book_id)
values (10, 39);
insert into book2genre (genre_id, book_id)
values (10, 40);
insert into book2genre (genre_id, book_id)
values (10, 41);
insert into book2genre (genre_id, book_id)
values (10, 42);
insert into book2genre (genre_id, book_id)
values (10, 43);
insert into book2genre (genre_id, book_id)
values (10, 44);
insert into book2genre (genre_id, book_id)
values (10, 45);
insert into book2genre (genre_id, book_id)
values (10, 46);
insert into book2genre (genre_id, book_id)
values (10, 47);
insert into book2genre (genre_id, book_id)
values (10, 48);
insert into book2genre (genre_id, book_id)
values (10, 49);
insert into book2genre (genre_id, book_id)
values (10, 50);


