insert into authors (id, first_name, last_name) values (1, 'Jonathan', 'Matua');
insert into authors (id, first_name, last_name) values (2, 'Ellsworth', 'Sycamore');
insert into authors (id, first_name, last_name) values (3, 'Magdalen', 'Sorley');
insert into authors (id, first_name, last_name) values (4, 'Drusilla', 'Leadstone');
insert into authors (id, first_name, last_name) values (5, 'Timmy', 'Wallsworth');
insert into authors (id, first_name, last_name) values (6, 'Linell', 'Lettington');
insert into authors (id, first_name, last_name) values (7, 'Connie', 'Hamberstone');
insert into authors (id, first_name, last_name) values (8, 'Ericha', 'Algore');
insert into authors (id, first_name, last_name) values (9, 'Zack', 'Bartocci');
insert into authors (id, first_name, last_name) values (10, 'Oralle', 'Mabson');
insert into authors (id, first_name, last_name) values (11, 'Lionello', 'Kynd');
insert into authors (id, first_name, last_name) values (12, 'Leonidas', 'Hollows');
insert into authors (id, first_name, last_name)
values (13, 'Lewes', 'Kapelhof');
insert into authors (id, first_name, last_name)
values (14, 'Tucky', 'Mephan');
insert into authors (id, first_name, last_name)
values (15, 'Anatola', 'Blaise');
insert into authors (id, first_name, last_name)
values (16, 'Salim', 'Ciric');
insert into authors (id, first_name, last_name)
values (17, 'Adelbert', 'Laidel');
insert into authors (id, first_name, last_name)
values (18, 'Stephine', 'Toffanini');
insert into authors (id, first_name, last_name)
values (19, 'Normy', 'Spatarul');
insert into authors (id, first_name, last_name)
values (20, 'Carmelina', 'Vyvyan');
insert into authors (id, first_name, last_name)
values (21, 'Baldwin', 'Boxer');

insert into users (id, balance, hash, name, reg_time)
values (1, 1.01, '43386-530', 'Benedikt Stilgoe', '15/03/2021');
insert into users (id, balance, hash, name, reg_time)
values (2, 98.81, '36987-3189', 'Jarvis Targe', '24/09/2019');
insert into users (id, balance, hash, name, reg_time)
values (3, 61.51, '68788-0839', 'Stefa Saenz', '16/06/2019');
insert into users (id, balance, hash, name, reg_time)
values (4, 65.71, '68001-130', 'Garwood Wilkin', '15/03/2020');
insert into users (id, balance, hash, name, reg_time)
values (5, 50.14, '67457-478', 'Kenn Guyton', '25/02/2019');
insert into users (id, balance, hash, name, reg_time)
values (6, 31.31, '50436-9974', 'Alanson Gilcriest', '27/08/2020');
insert into users (id, balance, hash, name, reg_time)
values (7, 20.46, '51060-058', 'Husain Onions', '27/11/2019');
insert into users (id, balance, hash, name, reg_time)
values (8, 48.09, '51852-101', 'Nikoletta Gillford', '15/04/2019');
insert into users (id, balance, hash, name, reg_time)
values (9, 65.84, '53113-104', 'Cchaddie Vuitte', '27/10/2019');
insert into users (id, balance, hash, name, reg_time)
values (10, 31.36, '62847-002', 'Pammy Patise', '19/07/2020');
insert into users (id, balance, hash, name, reg_time)
values (11, 22.53, '55154-5481', 'Henka Mander', '30/10/2019');
insert into users (id, balance, hash, name, reg_time)
values (12, 33.01, '68084-505', 'Kristian Dwelling', '21/06/2020');
insert into users (id, balance, hash, name, reg_time)
values (13, 67.85, '53603-1004', 'Jorry Stansbie', '08/06/2019');
insert into users (id, balance, hash, name, reg_time)
values (14, 94.49, '16714-362', 'Stevana Yakunchikov', '14/07/2020');
insert into users (id, balance, hash, name, reg_time)
values (15, 63.96, '58177-312', 'Vivi Frankland', '20/12/2019');
insert into users (id, balance, hash, name, reg_time)
values (16, 96.58, '66993-185', 'Josephina Brothwood', '01/02/2021');
insert into users (id, balance, hash, name, reg_time)
values (17, 57.68, '52959-540', 'Zita Cockitt', '03/02/2020');
insert into users (id, balance, hash, name, reg_time)
values (18, 23.59, '57955-2311', 'Bailie Matovic', '27/07/2020');
insert into users (id, balance, hash, name, reg_time)
values (19, 68.36, '16590-478', 'Othelia Mingus', '30/01/2021');
insert into users (id, balance, hash, name, reg_time)
values (20, 99.94, '55154-1951', 'Ashla Hulland', '20/03/2020');
insert into users (id, balance, hash, name, reg_time)
values (21, 60.58, '51389-250', 'Beatriz Cumpton', '11/10/2020');
insert into users (id, balance, hash, name, reg_time)
values (22, 56.6, '49795-227', 'Malinda Carbry', '22/07/2019');
insert into users (id, balance, hash, name, reg_time)
values (23, 74.45, '37205-476', 'Ethel Francioli', '14/03/2019');
insert into users (id, balance, hash, name, reg_time)
values (24, 24.0, '0093-0248', 'Lorrie Forbear', '11/02/2019');
insert into users (id, balance, hash, name, reg_time)
values (25, 31.65, '16714-522', 'Katerine Casebourne', '19/06/2020');
insert into users (id, balance, hash, name, reg_time)
values (26, 50.59, '63323-280', 'Candice Milbourn', '07/12/2020');
insert into users (id, balance, hash, name, reg_time)
values (27, 43.29, '17271-501', 'Orelee Astlatt', '10/07/2020');
insert into users (id, balance, hash, name, reg_time)
values (28, 58.03, '0603-2949', 'Laughton Bynold', '23/03/2019');
insert into users (id, balance, hash, name, reg_time)
values (29, 73.88, '59779-044', 'Thorny Loidl', '17/05/2020');
insert into users (id, balance, hash, name, reg_time)
values (30, 92.24, '0268-1322', 'Mitzi O''Cannovane', '17/04/2020');
insert into users (id, balance, hash, name, reg_time)
values (31, 81.84, '51997-035', 'Raynard Jolliss', '25/01/2021');
insert into users (id, balance, hash, name, reg_time)
values (32, 74.98, '65692-0263', 'Sonja Skep', '27/12/2020');
insert into users (id, balance, hash, name, reg_time)
values (33, 80.34, '65364-110', 'Misti Rayworth', '05/06/2019');
insert into users (id, balance, hash, name, reg_time)
values (34, 41.66, '36800-630', 'Ranice Nicklinson', '08/01/2019');
insert into users (id, balance, hash, name, reg_time)
values (35, 25.75, '51079-630', 'Friederike Caldron', '28/02/2021');
insert into users (id, balance, hash, name, reg_time)
values (36, 8.0, '50114-0150', 'Neilla Eakeley', '22/12/2020');
insert into users (id, balance, hash, name, reg_time)
values (37, 35.09, '11410-609', 'Cooper Beckworth', '04/11/2020');
insert into users (id, balance, hash, name, reg_time)
values (38, 81.15, '52343-039', 'Leicester Lindell', '04/02/2019');
insert into users (id, balance, hash, name, reg_time)
values (39, 2.67, '52815-122', 'Patten Stillwell', '28/01/2019');
insert into users (id, balance, hash, name, reg_time)
values (40, 9.97, '51389-106', 'Irving Darinton', '10/12/2020');
insert into users (id, balance, hash, name, reg_time)
values (41, 51.31, '67777-308', 'Sophia Briers', '23/09/2020');
insert into users (id, balance, hash, name, reg_time)
values (42, 54.0, '55154-5980', 'Joshua Possell', '29/09/2020');
insert into users (id, balance, hash, name, reg_time)
values (43, 62.64, '42023-107', 'Dayle Olczak', '16/06/2019');
insert into users (id, balance, hash, name, reg_time)
values (44, 12.19, '59779-296', 'Duane MacEntee', '09/03/2020');
insert into users (id, balance, hash, name, reg_time)
values (45, 27.72, '0031-8692', 'Elijah Rowney', '19/12/2020');
insert into users (id, balance, hash, name, reg_time)
values (46, 68.8, '36800-467', 'Hillary Vann', '20/05/2019');
insert into users (id, balance, hash, name, reg_time)
values (47, 91.45, '36987-1878', 'Luke De Micoli', '08/02/2019');
insert into users (id, balance, hash, name, reg_time)
values (48, 30.69, '58503-046', 'Umberto Blumsom', '29/02/2020');
insert into users (id, balance, hash, name, reg_time)
values (49, 55.45, '65643-419', 'Rozanne Faucherand', '21/07/2019');
insert into users (id, balance, hash, name, reg_time)
values (50, 20.08, '43063-059', 'Erskine Hawkridge', '17/06/2019');


-- insert into books (id, price, price_old, title, author) values (1, 1000000, 100000, 'The Superman!', 1);
-- insert into books (id, price, price_old, title, author) values (2, 1532, 3835, 'Voltsillam', 16);
-- insert into books (id, price, price_old, title, author) values (3, 1488, 3085, 'Zathin', 12);
-- insert into books (id, price, price_old, title, author) values (4, 2980, 3267, 'Tresom', 15);
-- insert into books (id, price, price_old, title, author) values (5, 2010, 1517, 'Bigtax', 18);
-- insert into books (id, price, price_old, title, author) values (6, 1917, 1207, 'Pannier', 1);
-- insert into books (id, price, price_old, title, author) values (7, 2076, 3697, 'Job', 17);
-- insert into books (id, price, price_old, title, author) values (8, 1934, 3043, 'Viva', 4);
-- insert into books (id, price, price_old, title, author) values (9, 536, 3828, 'Quo Lux', 10);
-- insert into books (id, price, price_old, title, author) values (10, 1202, 3368, 'Lotstring', 11);
-- insert into books (id, price, price_old, title, author) values (11, 1777, 3301, 'Bigtax', 1);
-- insert into books (id, price, price_old, title, author) values (12, 2531, 1356, 'Otcom', 3);
-- insert into books (id, price, price_old, title, author) values (13, 2931, 2516, 'Mat Lam Tam', 21);
-- insert into books (id, price, price_old, title, author) values (14, 1038, 1498, 'Tempsoft', 2);
-- insert into books (id, price, price_old, title, author) values (15, 1199, 3314, 'Lotstring', 11);
-- insert into books (id, price, price_old, title, author) values (16, 1703, 2936, 'Tresom', 15);
-- insert into books (id, price, price_old, title, author) values (17, 1564, 3747, 'Konklab', 1);
-- insert into books (id, price, price_old, title, author) values (18, 1668, 2187, 'Stringtough', 9);
-- insert into books (id, price, price_old, title, author) values (19, 1510, 1699, 'Ronstring', 8);
-- insert into books (id, price, price_old, title, author) values (20, 2484, 3861, 'Treeflex', 14);
-- insert into books (id, price, price_old, title, author) values (21, 583, 1563, 'Tin', 5);
