insert into authors (id, first_name, last_name) values (1, 'Jonathan', 'Matua');
insert into authors (id, first_name, last_name) values (2, 'Ellsworth', 'Sycamore');
insert into authors (id, first_name, last_name) values (3, 'Magdalen', 'Sorley');
insert into authors (id, first_name, last_name) values (4, 'Drusilla', 'Leadstone');
insert into authors (id, first_name, last_name) values (5, 'Timmy', 'Wallsworth');
insert into authors (id, first_name, last_name) values (6, 'Linell', 'Lettington');
insert into authors (id, first_name, last_name) values (7, 'Connie', 'Hamberstone');
insert into authors (id, first_name, last_name) values (8, 'Ericha', 'Algore');
insert into authors (id, first_name, last_name) values (9, 'Zack', 'Bartocci');
insert into authors (id, first_name, last_name) values (10, 'Oralle', 'Mabson');
insert into authors (id, first_name, last_name) values (11, 'Lionello', 'Kynd');
insert into authors (id, first_name, last_name) values (12, 'Leonidas', 'Hollows');
insert into authors (id, first_name, last_name)
values (13, 'Lewes', 'Kapelhof');
insert into authors (id, first_name, last_name)
values (14, 'Tucky', 'Mephan');
insert into authors (id, first_name, last_name)
values (15, 'Anatola', 'Blaise');
insert into authors (id, first_name, last_name)
values (16, 'Salim', 'Ciric');
insert into authors (id, first_name, last_name)
values (17, 'Adelbert', 'Laidel');
insert into authors (id, first_name, last_name)
values (18, 'Stephine', 'Toffanini');
insert into authors (id, first_name, last_name)
values (19, 'Normy', 'Spatarul');
insert into authors (id, first_name, last_name)
values (20, 'Carmelina', 'Vyvyan');
insert into authors (id, first_name, last_name)
values (21, 'Baldwin', 'Boxer');

insert into users (id, balance, hash, name, reg_time)
values (1, 1.01, '43386-530', 'Benedikt Stilgoe', '15/03/2021');
insert into users (id, balance, hash, name, reg_time)
values (2, 98.81, '36987-3189', 'Jarvis Targe', '24/09/2019');
insert into users (id, balance, hash, name, reg_time)
values (3, 61.51, '68788-0839', 'Stefa Saenz', '16/06/2019');
insert into users (id, balance, hash, name, reg_time)
values (4, 65.71, '68001-130', 'Garwood Wilkin', '15/03/2020');
insert into users (id, balance, hash, name, reg_time)
values (5, 50.14, '67457-478', 'Kenn Guyton', '25/02/2019');
insert into users (id, balance, hash, name, reg_time)
values (6, 31.31, '50436-9974', 'Alanson Gilcriest', '27/08/2020');
insert into users (id, balance, hash, name, reg_time)
values (7, 20.46, '51060-058', 'Husain Onions', '27/11/2019');
insert into users (id, balance, hash, name, reg_time)
values (8, 48.09, '51852-101', 'Nikoletta Gillford', '15/04/2019');
insert into users (id, balance, hash, name, reg_time)
values (9, 65.84, '53113-104', 'Cchaddie Vuitte', '27/10/2019');
insert into users (id, balance, hash, name, reg_time)
values (10, 31.36, '62847-002', 'Pammy Patise', '19/07/2020');
insert into users (id, balance, hash, name, reg_time)
values (11, 22.53, '55154-5481', 'Henka Mander', '30/10/2019');
insert into users (id, balance, hash, name, reg_time)
values (12, 33.01, '68084-505', 'Kristian Dwelling', '21/06/2020');
insert into users (id, balance, hash, name, reg_time)
values (13, 67.85, '53603-1004', 'Jorry Stansbie', '08/06/2019');
insert into users (id, balance, hash, name, reg_time)
values (14, 94.49, '16714-362', 'Stevana Yakunchikov', '14/07/2020');
insert into users (id, balance, hash, name, reg_time)
values (15, 63.96, '58177-312', 'Vivi Frankland', '20/12/2019');
insert into users (id, balance, hash, name, reg_time)
values (16, 96.58, '66993-185', 'Josephina Brothwood', '01/02/2021');
insert into users (id, balance, hash, name, reg_time)
values (17, 57.68, '52959-540', 'Zita Cockitt', '03/02/2020');
insert into users (id, balance, hash, name, reg_time)
values (18, 23.59, '57955-2311', 'Bailie Matovic', '27/07/2020');
insert into users (id, balance, hash, name, reg_time)
values (19, 68.36, '16590-478', 'Othelia Mingus', '30/01/2021');
insert into users (id, balance, hash, name, reg_time)
values (20, 99.94, '55154-1951', 'Ashla Hulland', '20/03/2020');
insert into users (id, balance, hash, name, reg_time)
values (21, 60.58, '51389-250', 'Beatriz Cumpton', '11/10/2020');
insert into users (id, balance, hash, name, reg_time)
values (22, 56.6, '49795-227', 'Malinda Carbry', '22/07/2019');
insert into users (id, balance, hash, name, reg_time)
values (23, 74.45, '37205-476', 'Ethel Francioli', '14/03/2019');
insert into users (id, balance, hash, name, reg_time)
values (24, 24.0, '0093-0248', 'Lorrie Forbear', '11/02/2019');
insert into users (id, balance, hash, name, reg_time)
values (25, 31.65, '16714-522', 'Katerine Casebourne', '19/06/2020');
insert into users (id, balance, hash, name, reg_time)
values (26, 50.59, '63323-280', 'Candice Milbourn', '07/12/2020');
insert into users (id, balance, hash, name, reg_time)
values (27, 43.29, '17271-501', 'Orelee Astlatt', '10/07/2020');
insert into users (id, balance, hash, name, reg_time)
values (28, 58.03, '0603-2949', 'Laughton Bynold', '23/03/2019');
insert into users (id, balance, hash, name, reg_time)
values (29, 73.88, '59779-044', 'Thorny Loidl', '17/05/2020');
insert into users (id, balance, hash, name, reg_time)
values (30, 92.24, '0268-1322', 'Mitzi O''Cannovane', '17/04/2020');
insert into users (id, balance, hash, name, reg_time)
values (31, 81.84, '51997-035', 'Raynard Jolliss', '25/01/2021');
insert into users (id, balance, hash, name, reg_time)
values (32, 74.98, '65692-0263', 'Sonja Skep', '27/12/2020');
insert into users (id, balance, hash, name, reg_time)
values (33, 80.34, '65364-110', 'Misti Rayworth', '05/06/2019');
insert into users (id, balance, hash, name, reg_time)
values (34, 41.66, '36800-630', 'Ranice Nicklinson', '08/01/2019');
insert into users (id, balance, hash, name, reg_time)
values (35, 25.75, '51079-630', 'Friederike Caldron', '28/02/2021');
insert into users (id, balance, hash, name, reg_time)
values (36, 8.0, '50114-0150', 'Neilla Eakeley', '22/12/2020');
insert into users (id, balance, hash, name, reg_time)
values (37, 35.09, '11410-609', 'Cooper Beckworth', '04/11/2020');
insert into users (id, balance, hash, name, reg_time)
values (38, 81.15, '52343-039', 'Leicester Lindell', '04/02/2019');
insert into users (id, balance, hash, name, reg_time)
values (39, 2.67, '52815-122', 'Patten Stillwell', '28/01/2019');
insert into users (id, balance, hash, name, reg_time)
values (40, 9.97, '51389-106', 'Irving Darinton', '10/12/2020');
insert into users (id, balance, hash, name, reg_time)
values (41, 51.31, '67777-308', 'Sophia Briers', '23/09/2020');
insert into users (id, balance, hash, name, reg_time)
values (42, 54.0, '55154-5980', 'Joshua Possell', '29/09/2020');
insert into users (id, balance, hash, name, reg_time)
values (43, 62.64, '42023-107', 'Dayle Olczak', '16/06/2019');
insert into users (id, balance, hash, name, reg_time)
values (44, 12.19, '59779-296', 'Duane MacEntee', '09/03/2020');
insert into users (id, balance, hash, name, reg_time)
values (45, 27.72, '0031-8692', 'Elijah Rowney', '19/12/2020');
insert into users (id, balance, hash, name, reg_time)
values (46, 68.8, '36800-467', 'Hillary Vann', '20/05/2019');
insert into users (id, balance, hash, name, reg_time)
values (47, 91.45, '36987-1878', 'Luke De Micoli', '08/02/2019');
insert into users (id, balance, hash, name, reg_time)
values (48, 30.69, '58503-046', 'Umberto Blumsom', '29/02/2020');
insert into users (id, balance, hash, name, reg_time)
values (49, 55.45, '65643-419', 'Rozanne Faucherand', '21/07/2019');
insert into users (id, balance, hash, name, reg_time)
values (50, 20.08, '43063-059', 'Erskine Hawkridge', '17/06/2019');

insert into books (id, description, discount, image, is_bestseller, price, price_old, pub_date, slug, title)
values (1, 'Acrobates pygmaeus', 45, 'http://dummyimage.com/196x100.png/ff4444/ffffff', 1, 1577.7, 8581.03,
        '2011-05-08 03:43:55', 'immortals', 'Horse Feathers');
insert into books (id, description, discount, image, is_bestseller, price, price_old, pub_date, slug, title)
values (2, 'Uraeginthus granatina', 17, 'http://dummyimage.com/102x100.png/dddddd/000000', 0, 8493.81, 5144.73,
        '2017-07-07 04:17:56', 'summer school', 'Bionicle 2: Legends of Metru Nui');
insert into books (id, description, discount, image, is_bestseller, price, price_old, pub_date, slug, title)
values (3, 'Marmota caligata', 89, 'http://dummyimage.com/145x100.png/5fa2dd/ffffff', 1, 8257.32, 4236.03,
        '2001-03-31 18:53:26', 'after the wedding (efter brylluppet)', 'Vive L''Amour (Ai qing wan sui)');
insert into books (id, description, discount, image, is_bestseller, price, price_old, pub_date, slug, title)
values (4, 'Pelecans onocratalus', 81, 'http://dummyimage.com/131x100.png/ff4444/ffffff', 0, 2031.36, 1583.93,
        '2009-05-10 22:36:47', 'bertsolari', 'Wild Side');
insert into books (id, description, discount, image, is_bestseller, price, price_old, pub_date, slug, title)
values (5, 'Trichoglossus haematodus moluccanus', 37, 'http://dummyimage.com/108x100.png/dddddd/000000', 0, 9052.12,
        7113.87, '2018-06-01 03:26:55', 'luck by chance', 'Pyaar Ka Punchnama');
insert into books (id, description, discount, image, is_bestseller, price, price_old, pub_date, slug, title)
values (6, 'Caiman crocodilus', 61, 'http://dummyimage.com/148x100.png/ff4444/ffffff', 0, 3184.71, 4970.79,
        '2000-06-17 04:15:50', 'dirties, the', 'August (Elokuu) ');
insert into books (id, description, discount, image, is_bestseller, price, price_old, pub_date, slug, title)
values (7, 'Stercorarius longicausus', 44, 'http://dummyimage.com/233x100.png/ff4444/ffffff', 1, 7847.24, 4968.93,
        '2016-02-01 13:51:06', 'room for one more', 'Mr. Bean''s Holiday');
insert into books (id, description, discount, image, is_bestseller, price, price_old, pub_date, slug, title)
values (8, 'Nasua narica', 69, 'http://dummyimage.com/177x100.png/5fa2dd/ffffff', 1, 9101.52, 9261.31,
        '2021-03-02 12:31:09', 'dream land', 'Christmas Story, A');
insert into books (id, description, discount, image, is_bestseller, price, price_old, pub_date, slug, title)
values (9, 'Pseudoleistes virescens', 41, 'http://dummyimage.com/116x100.png/cc0000/ffffff', 0, 4247.83, 4356.36,
        '2009-11-19 11:41:00', 'prince of pennsylvania, the', 'The Violent Professionals');
insert into books (id, description, discount, image, is_bestseller, price, price_old, pub_date, slug, title)
values (10, 'Phalacrocorax niger', 26, 'http://dummyimage.com/108x100.png/cc0000/ffffff', 0, 7486.06, 3886.29,
        '2007-01-13 20:04:24', 'glow: the story of the gorgeous ladies of wrestling', 'Woochi: The Demon Slayer');
insert into books (id, description, discount, image, is_bestseller, price, price_old, pub_date, slug, title)
values (11, 'Aquila chrysaetos', 99, 'http://dummyimage.com/217x100.png/dddddd/000000', 0, 9785.47, 8916.87,
        '2018-12-23 21:17:28', 'nazis: a warning from history, the', 'Beaver, The');
insert into books (id, description, discount, image, is_bestseller, price, price_old, pub_date, slug, title)
values (12, 'Macaca radiata', 93, 'http://dummyimage.com/100x100.png/5fa2dd/ffffff', 1, 5235.93, 2758.83,
        '2007-05-11 04:43:01', 'waiting for forever', 'Secret Life of Zoey, The');
insert into books (id, description, discount, image, is_bestseller, price, price_old, pub_date, slug, title)
values (13, 'Perameles nasuta', 24, 'http://dummyimage.com/172x100.png/dddddd/000000', 1, 5341.38, 6533.79,
        '2011-10-24 00:38:05', 'black rain', 'Back Door to Hell');
insert into books (id, description, discount, image, is_bestseller, price, price_old, pub_date, slug, title)
values (14, 'Choriotis kori', 98, 'http://dummyimage.com/135x100.png/cc0000/ffffff', 1, 4963.16, 3123.52,
        '2005-02-21 02:01:20', 'ismael', 'World War Z');
insert into books (id, description, discount, image, is_bestseller, price, price_old, pub_date, slug, title)
values (15, 'Neotis denhami', 10, 'http://dummyimage.com/194x100.png/cc0000/ffffff', 0, 7454.02, 2949.95,
        '2003-04-19 14:55:57', 'eddy duchin story, the', 'Until September');
insert into books (id, description, discount, image, is_bestseller, price, price_old, pub_date, slug, title)
values (16, 'Vombatus ursinus', 41, 'http://dummyimage.com/106x100.png/ff4444/ffffff', 1, 1008.41, 8289.42,
        '2003-04-16 06:17:34', 'irony of fate, or enjoy your bath! (ironiya sudby, ili s legkim parom!)',
        'Coup de torchon (Clean Slate)');
insert into books (id, description, discount, image, is_bestseller, price, price_old, pub_date, slug, title)
values (17, 'Psophia viridis', 18, 'http://dummyimage.com/165x100.png/dddddd/000000', 1, 5076.03, 5396.38,
        '2020-11-06 23:30:00', 'best man, the', 'Tristan & Isolde');
insert into books (id, description, discount, image, is_bestseller, price, price_old, pub_date, slug, title)
values (18, 'Petaurus breviceps', 69, 'http://dummyimage.com/143x100.png/ff4444/ffffff', 0, 1427.04, 8034.49,
        '2012-12-05 03:52:59', 'eden is west (eden à l''ouest)', 'Bachelor in Paradise');
insert into books (id, description, discount, image, is_bestseller, price, price_old, pub_date, slug, title)
values (19, 'Cordylus giganteus', 51, 'http://dummyimage.com/152x100.png/5fa2dd/ffffff', 0, 7398.67, 5018.38,
        '2009-04-23 22:19:16', 'kid millions', 'Ascent, The (Voskhozhdeniye)');
insert into books (id, description, discount, image, is_bestseller, price, price_old, pub_date, slug, title)
values (20, 'Petaurus norfolcensis', 24, 'http://dummyimage.com/192x100.png/ff4444/ffffff', 1, 6387.77, 523.82,
        '2004-01-17 18:55:16', 'ramen girl, the', 'Impudent Girl (L''effrontée)');
insert into books (id, description, discount, image, is_bestseller, price, price_old, pub_date, slug, title)
values (21, 'Haematopus ater', 87, 'http://dummyimage.com/125x100.png/cc0000/ffffff', 0, 2647.94, 6562.58,
        '2005-03-07 02:51:53', 'where the money is', 'Human Experience, The');
insert into books (id, description, discount, image, is_bestseller, price, price_old, pub_date, slug, title)
values (22, 'Gopherus agassizii', 71, 'http://dummyimage.com/172x100.png/cc0000/ffffff', 1, 7348.19, 1627.04,
        '2008-03-06 02:15:42', 'blame it on rio', 'Buddies (Colegas)');
insert into books (id, description, discount, image, is_bestseller, price, price_old, pub_date, slug, title)
values (23, 'Neotis denhami', 37, 'http://dummyimage.com/168x100.png/cc0000/ffffff', 0, 8985.48, 180.39,
        '2012-07-18 17:22:05', 'let me in', 'Love and Other Catastrophes');
insert into books (id, description, discount, image, is_bestseller, price, price_old, pub_date, slug, title)
values (24, 'Dendrohyrax brucel', 64, 'http://dummyimage.com/179x100.png/ff4444/ffffff', 0, 6389.81, 5533.78,
        '2003-08-29 18:19:24', 'neverland', 'Black Fury');
insert into books (id, description, discount, image, is_bestseller, price, price_old, pub_date, slug, title)
values (25, 'Vanellus sp.', 12, 'http://dummyimage.com/158x100.png/cc0000/ffffff', 0, 1655.19, 370.24,
        '2002-11-23 13:34:56', 'wild party, the', 'Living in Oblivion');
insert into books (id, description, discount, image, is_bestseller, price, price_old, pub_date, slug, title)
values (26, 'Aegypius tracheliotus', 61, 'http://dummyimage.com/116x100.png/cc0000/ffffff', 0, 993.44, 458.42,
        '2017-11-13 03:03:09', 'another earth', 'Hangmen Also Die');
insert into books (id, description, discount, image, is_bestseller, price, price_old, pub_date, slug, title)
values (27, 'Oryx gazella', 28, 'http://dummyimage.com/202x100.png/dddddd/000000', 1, 9925.92, 3577.74,
        '2018-01-13 10:39:43', 'my way (mai wei)', 'Brest Fortress (Brestskaya krepost)');
insert into books (id, description, discount, image, is_bestseller, price, price_old, pub_date, slug, title)
values (28, 'Eutamias minimus', 63, 'http://dummyimage.com/118x100.png/dddddd/000000', 0, 4890.11, 3795.77,
        '2000-09-02 21:52:01', 'calling, the', 'Middle of Nowhere');
insert into books (id, description, discount, image, is_bestseller, price, price_old, pub_date, slug, title)
values (29, 'Gyps bengalensis', 76, 'http://dummyimage.com/112x100.png/5fa2dd/ffffff', 1, 803.1, 430.59,
        '2008-06-29 18:32:09', 'grey, the', 'Angels in the Outfield');
insert into books (id, description, discount, image, is_bestseller, price, price_old, pub_date, slug, title)
values (30, 'Cracticus nigroagularis', 6, 'http://dummyimage.com/198x100.png/dddddd/000000', 0, 8776.88, 2672.39,
        '2014-04-29 13:53:26',
        'why are the bells ringing, mitica? (a.k.a. carnival scenes) (de ce trag clopotele, mitica?)', 'Taking Chance');
insert into books (id, description, discount, image, is_bestseller, price, price_old, pub_date, slug, title)
values (31, 'Macropus rufogriseus', 31, 'http://dummyimage.com/222x100.png/5fa2dd/ffffff', 1, 9185.93, 4445.39,
        '2011-02-18 03:22:35', 'orders signed in white', 'Penthouse');
insert into books (id, description, discount, image, is_bestseller, price, price_old, pub_date, slug, title)
values (32, 'Prionace glauca', 24, 'http://dummyimage.com/175x100.png/dddddd/000000', 0, 4697.26, 8528.72,
        '2020-09-15 08:14:36', 'invisible war, the', 'Robot Jox');
insert into books (id, description, discount, image, is_bestseller, price, price_old, pub_date, slug, title)
values (33, 'Alligator mississippiensis', 20, 'http://dummyimage.com/129x100.png/ff4444/ffffff', 1, 9951.55, 9567.94,
        '2006-09-12 21:51:10', 'don jon', 'Oedipus Rex (Edipo re)');
insert into books (id, description, discount, image, is_bestseller, price, price_old, pub_date, slug, title)
values (34, 'Paraxerus cepapi', 82, 'http://dummyimage.com/118x100.png/ff4444/ffffff', 0, 8623.28, 5322.77,
        '2019-09-23 09:39:51', 'where do we go now?', 'Gayniggers From Outer Space');
insert into books (id, description, discount, image, is_bestseller, price, price_old, pub_date, slug, title)
values (35, 'Lama pacos', 52, 'http://dummyimage.com/105x100.png/dddddd/000000', 0, 249.4, 8549.93,
        '2007-11-19 04:19:26', 'sensation of sight, the', 'Fat Girl (À ma soeur!)');
insert into books (id, description, discount, image, is_bestseller, price, price_old, pub_date, slug, title)
values (36, 'Lepus arcticus', 58, 'http://dummyimage.com/147x100.png/cc0000/ffffff', 1, 1405.8, 7729.0,
        '2020-04-03 22:24:02', 'aerial gunner', 'Flightplan');
insert into books (id, description, discount, image, is_bestseller, price, price_old, pub_date, slug, title)
values (37, 'Streptopelia senegalensis', 58, 'http://dummyimage.com/202x100.png/ff4444/ffffff', 1, 9847.76, 4592.7,
        '2013-02-07 02:27:53', 'manta - der film', 'Our Mother''s House');
insert into books (id, description, discount, image, is_bestseller, price, price_old, pub_date, slug, title)
values (38, 'Microcebus murinus', 63, 'http://dummyimage.com/151x100.png/dddddd/000000', 0, 9294.64, 2491.67,
        '2012-09-18 04:46:23', 'the story of robin hood and his merrie men', 'Iron Eagle');
insert into books (id, description, discount, image, is_bestseller, price, price_old, pub_date, slug, title)
values (39, 'Coluber constrictor', 57, 'http://dummyimage.com/250x100.png/cc0000/ffffff', 1, 4179.6, 1463.19,
        '2019-06-07 03:36:04', 'kal ho naa ho', 'Tout ce qui brille');
insert into books (id, description, discount, image, is_bestseller, price, price_old, pub_date, slug, title)
values (40, 'Physignathus cocincinus', 44, 'http://dummyimage.com/217x100.png/5fa2dd/ffffff', 0, 7883.08, 3797.12,
        '2000-07-08 11:13:43', 'weekend', 'Man of the Century');
insert into books (id, description, discount, image, is_bestseller, price, price_old, pub_date, slug, title)
values (41, 'unavailable', 39, 'http://dummyimage.com/189x100.png/ff4444/ffffff', 0, 4676.25, 8267.5,
        '2013-10-26 04:02:06', 'mummy returns, the', 'Four Sons');
insert into books (id, description, discount, image, is_bestseller, price, price_old, pub_date, slug, title)
values (42, 'Geospiza sp.', 62, 'http://dummyimage.com/111x100.png/dddddd/000000', 1, 5805.55, 6634.6,
        '2008-07-18 00:10:03', 'cold weather', 'Adventures of Hajji Baba, The');
insert into books (id, description, discount, image, is_bestseller, price, price_old, pub_date, slug, title)
values (43, 'Naja haje', 70, 'http://dummyimage.com/193x100.png/cc0000/ffffff', 1, 1866.91, 1957.79,
        '2009-06-22 07:34:54', 'rebel without a cause', 'Macao');
insert into books (id, description, discount, image, is_bestseller, price, price_old, pub_date, slug, title)
values (44, 'Motacilla aguimp', 89, 'http://dummyimage.com/139x100.png/ff4444/ffffff', 1, 4899.35, 649.55,
        '2008-04-21 21:56:51', 'fighting spirit, the', 'I''m Starting From Three (Ricomincio da Tre)');
insert into books (id, description, discount, image, is_bestseller, price, price_old, pub_date, slug, title)
values (45, 'Nectarinia chalybea', 25, 'http://dummyimage.com/162x100.png/ff4444/ffffff', 0, 4401.69, 4444.59,
        '2014-09-07 19:29:29', 'adventures of prince achmed, the (abenteuer des prinzen achmed, die)',
        'Killer Condom (Kondom des Grauens)');
insert into books (id, description, discount, image, is_bestseller, price, price_old, pub_date, slug, title)
values (46, 'Redunca redunca', 76, 'http://dummyimage.com/243x100.png/cc0000/ffffff', 1, 4343.53, 917.39,
        '2010-07-15 06:20:39', 'mondo', 'Debut, The');
insert into books (id, description, discount, image, is_bestseller, price, price_old, pub_date, slug, title)
values (47, 'Isoodon obesulus', 23, 'http://dummyimage.com/237x100.png/ff4444/ffffff', 1, 8505.96, 4436.89,
        '2012-10-20 05:57:16', 'yu-gi-oh!: bonds beyond time (gekijouban yuugiou: chouyuugou! jikuu o koeta kizuna)',
        'Great World of Sound');
insert into books (id, description, discount, image, is_bestseller, price, price_old, pub_date, slug, title)
values (48, 'Cracticus nigroagularis', 46, 'http://dummyimage.com/137x100.png/dddddd/000000', 0, 3821.11, 4326.77,
        '2019-06-29 18:55:58', 'frankenstein and the monster from hell', 'Live Flesh (Carne trémula)');
insert into books (id, description, discount, image, is_bestseller, price, price_old, pub_date, slug, title)
values (49, 'Notechis semmiannulatus', 56, 'http://dummyimage.com/144x100.png/ff4444/ffffff', 0, 8565.93, 1860.42,
        '2011-03-04 22:47:21', 'china seas', 'Eight Legged Freaks');
insert into books (id, description, discount, image, is_bestseller, price, price_old, pub_date, slug, title)
values (50, 'Irania gutteralis', 83, 'http://dummyimage.com/248x100.png/ff4444/ffffff', 1, 7040.14, 9270.76,
        '2020-10-10 09:00:37', 'timerider: the adventure of lyle swann', 'The... Beautiful Country');
insert into books (id, description, discount, image, is_bestseller, price, price_old, pub_date, slug, title)
values (51, 'Panthera pardus', 13, 'http://dummyimage.com/244x100.png/cc0000/ffffff', 1, 5385.09, 2569.47,
        '2011-09-07 02:57:07', 'three came home', 'Ellen DeGeneres: The Beginning');


insert into book2author (author_id, book_id)
values (1, 1);
insert into book2author (author_id, book_id)
values (3, 2);
insert into book2author (author_id, book_id)
values (4, 2);
insert into book2author (author_id, book_id)
values (5, 3);
insert into book2author (author_id, book_id)
values (6, 3);
insert into book2author (author_id, book_id)
values (7, 4);
insert into book2author (author_id, book_id)
values (8, 4);
insert into book2author (author_id, book_id)
values (9, 5);
insert into book2author (author_id, book_id)
values (10, 5);
insert into book2author (author_id, book_id)
values (11, 6);
insert into book2author (author_id, book_id)
values (12, 6);
insert into book2author (author_id, book_id)
values (13, 7);
insert into book2author (author_id, book_id)
values (14, 7);
insert into book2author (author_id, book_id)
values (15, 8);
insert into book2author (author_id, book_id)
values (16, 8);
insert into book2author (author_id, book_id)
values (17, 9);
insert into book2author (author_id, book_id)
values (18, 9);
insert into book2author (author_id, book_id)
values (19, 10);
insert into book2author (author_id, book_id)
values (20, 10);
insert into book2author (author_id, book_id)
values (21, 11);
insert into book2author (author_id, book_id)
values (2, 12);
insert into book2author (author_id, book_id)
values (3, 12);
insert into book2author (author_id, book_id)
values (4, 13);
insert into book2author (author_id, book_id)
values (5, 13);
insert into book2author (author_id, book_id)
values (6, 14);
insert into book2author (author_id, book_id)
values (7, 14);
insert into book2author (author_id, book_id)
values (8, 15);
insert into book2author (author_id, book_id)
values (9, 15);
insert into book2author (author_id, book_id)
values (10, 16);
insert into book2author (author_id, book_id)
values (11, 16);
insert into book2author (author_id, book_id)
values (12, 17);
insert into book2author (author_id, book_id)
values (13, 17);
insert into book2author (author_id, book_id)
values (14, 18);
insert into book2author (author_id, book_id)
values (15, 18);
insert into book2author (author_id, book_id)
values (16, 19);
insert into book2author (author_id, book_id)
values (17, 19);
insert into book2author (author_id, book_id)
values (18, 20);
insert into book2author (author_id, book_id)
values (20, 21);
insert into book2author (author_id, book_id)
values (21, 21);
insert into book2author (author_id, book_id)
values (2, 22);
insert into book2author (author_id, book_id)
values (3, 23);
insert into book2author (author_id, book_id)
values (4, 23);
insert into book2author (author_id, book_id)
values (5, 24);
insert into book2author (author_id, book_id)
values (6, 24);
insert into book2author (author_id, book_id)
values (7, 25);
insert into book2author (author_id, book_id)
values (8, 25);
insert into book2author (author_id, book_id)
values (9, 26);
insert into book2author (author_id, book_id)
values (10, 26);
insert into book2author (author_id, book_id)
values (11, 27);
insert into book2author (author_id, book_id)
values (12, 27);
insert into book2author (author_id, book_id)
values (13, 28);
insert into book2author (author_id, book_id)
values (14, 28);
insert into book2author (author_id, book_id)
values (15, 29);
insert into book2author (author_id, book_id)
values (16, 29);
insert into book2author (author_id, book_id)
values (17, 30);
insert into book2author (author_id, book_id)
values (18, 30);
insert into book2author (author_id, book_id)
values (19, 31);
insert into book2author (author_id, book_id)
values (20, 31);
insert into book2author (author_id, book_id)
values (21, 32);
insert into book2author (author_id, book_id)
values (2, 33);
insert into book2author (author_id, book_id)
values (3, 33);
insert into book2author (author_id, book_id)
values (4, 34);
insert into book2author (author_id, book_id)
values (5, 34);
insert into book2author (author_id, book_id)
values (6, 35);
insert into book2author (author_id, book_id)
values (7, 35);
insert into book2author (author_id, book_id)
values (8, 36);
insert into book2author (author_id, book_id)
values (9, 36);
insert into book2author (author_id, book_id)
values (10, 37);
insert into book2author (author_id, book_id)
values (11, 37);
insert into book2author (author_id, book_id)
values (12, 38);
insert into book2author (author_id, book_id)
values (13, 38);
insert into book2author (author_id, book_id)
values (14, 39);
insert into book2author (author_id, book_id)
values (15, 39);
insert into book2author (author_id, book_id)
values (16, 40);
insert into book2author (author_id, book_id)
values (17, 40);
insert into book2author (author_id, book_id)
values (18, 41);
insert into book2author (author_id, book_id)
values (19, 41);
insert into book2author (author_id, book_id)
values (20, 42);
insert into book2author (author_id, book_id)
values (21, 42);
insert into book2author (author_id, book_id)
values (2, 43);
insert into book2author (author_id, book_id)
values (3, 44);
insert into book2author (author_id, book_id)
values (4, 44);
insert into book2author (author_id, book_id)
values (5, 45);
insert into book2author (author_id, book_id)
values (6, 45);
insert into book2author (author_id, book_id)
values (7, 46);
insert into book2author (author_id, book_id)
values (8, 46);
insert into book2author (author_id, book_id)
values (9, 47);
insert into book2author (author_id, book_id)
values (10, 47);
insert into book2author (author_id, book_id)
values (11, 48);
insert into book2author (author_id, book_id)
values (12, 48);
insert into book2author (author_id, book_id)
values (13, 49);
insert into book2author (author_id, book_id)
values (14, 49);
insert into book2author (author_id, book_id)
values (15, 50);
insert into book2author (author_id, book_id)
values (16, 50);

-- insert into books (id, price, price_old, title, author_id) values (1, 1000000, 100000, 'The Superman!', 1);
-- insert into books (id, price, price_old, title, author_id) values (2, 1532, 3835, 'Voltsillam', 16);
-- insert into books (id, price, price_old, title, author_id) values (3, 1488, 3085, 'Zathin', 12);
-- insert into books (id, price, price_old, title, author_id) values (4, 2980, 3267, 'Tresom', 15);
-- insert into books (id, price, price_old, title, author_id) values (5, 2010, 1517, 'Bigtax', 18);
-- insert into books (id, price, price_old, title, author_id) values (6, 1917, 1207, 'Pannier', 1);
-- insert into books (id, price, price_old, title, author_id) values (7, 2076, 3697, 'Job', 17);
-- insert into books (id, price, price_old, title, author_id) values (8, 1934, 3043, 'Viva', 4);
-- insert into books (id, price, price_old, title, author_id) values (9, 536, 3828, 'Quo Lux', 10);
-- insert into books (id, price, price_old, title, author_id) values (10, 1202, 3368, 'Lotstring', 11);
-- insert into books (id, price, price_old, title, author_id) values (11, 1777, 3301, 'Bigtax', 1);
-- insert into books (id, price, price_old, title, author_id) values (12, 2531, 1356, 'Otcom', 3);
-- insert into books (id, price, price_old, title, author_id) values (13, 2931, 2516, 'Mat Lam Tam', 21);
-- insert into books (id, price, price_old, title, author_id) values (14, 1038, 1498, 'Tempsoft', 2);
-- insert into books (id, price, price_old, title, author_id) values (15, 1199, 3314, 'Lotstring', 11);
-- insert into books (id, price, price_old, title, author_id) values (16, 1703, 2936, 'Tresom', 15);
-- insert into books (id, price, price_old, title, author_id) values (17, 1564, 3747, 'Konklab', 1);
-- insert into books (id, price, price_old, title, author_id) values (18, 1668, 2187, 'Stringtough', 9);
-- insert into books (id, price, price_old, title, author_id) values (19, 1510, 1699, 'Ronstring', 8);
-- insert into books (id, price, price_old, title, author_id) values (20, 2484, 3861, 'Treeflex', 14);
-- insert into books (id, price, price_old, title, author_id) values (21, 583, 1563, 'Tin', 5);
