insert into authors (id, first_name, last_name) values (1, 'Jonathan', 'Matua');
insert into authors (id, first_name, last_name) values (2, 'Ellsworth', 'Sycamore');
insert into authors (id, first_name, last_name) values (3, 'Magdalen', 'Sorley');
insert into authors (id, first_name, last_name) values (4, 'Drusilla', 'Leadstone');
insert into authors (id, first_name, last_name) values (5, 'Timmy', 'Wallsworth');
insert into authors (id, first_name, last_name) values (6, 'Linell', 'Lettington');
insert into authors (id, first_name, last_name) values (7, 'Connie', 'Hamberstone');
insert into authors (id, first_name, last_name) values (8, 'Ericha', 'Algore');
insert into authors (id, first_name, last_name) values (9, 'Zack', 'Bartocci');
insert into authors (id, first_name, last_name) values (10, 'Oralle', 'Mabson');
insert into authors (id, first_name, last_name) values (11, 'Lionello', 'Kynd');
insert into authors (id, first_name, last_name) values (12, 'Leonidas', 'Hollows');
insert into authors (id, first_name, last_name)
values (13, 'Lewes', 'Kapelhof');
insert into authors (id, first_name, last_name)
values (14, 'Tucky', 'Mephan');
insert into authors (id, first_name, last_name)
values (15, 'Anatola', 'Blaise');
insert into authors (id, first_name, last_name)
values (16, 'Salim', 'Ciric');
insert into authors (id, first_name, last_name)
values (17, 'Adelbert', 'Laidel');
insert into authors (id, first_name, last_name)
values (18, 'Stephine', 'Toffanini');
insert into authors (id, first_name, last_name)
values (19, 'Normy', 'Spatarul');
insert into authors (id, first_name, last_name)
values (20, 'Carmelina', 'Vyvyan');
insert into authors (id, first_name, last_name)
values (21, 'Baldwin', 'Boxer');

insert into users (id, balance, hash, name, reg_time)
values (1, 1.01, '43386-530', 'Benedikt Stilgoe', '15/03/2021');
insert into users (id, balance, hash, name, reg_time)
values (2, 98.81, '36987-3189', 'Jarvis Targe', '24/09/2019');
insert into users (id, balance, hash, name, reg_time)
values (3, 61.51, '68788-0839', 'Stefa Saenz', '16/06/2019');
insert into users (id, balance, hash, name, reg_time)
values (4, 65.71, '68001-130', 'Garwood Wilkin', '15/03/2020');
insert into users (id, balance, hash, name, reg_time)
values (5, 50.14, '67457-478', 'Kenn Guyton', '25/02/2019');
insert into users (id, balance, hash, name, reg_time)
values (6, 31.31, '50436-9974', 'Alanson Gilcriest', '27/08/2020');
insert into users (id, balance, hash, name, reg_time)
values (7, 20.46, '51060-058', 'Husain Onions', '27/11/2019');
insert into users (id, balance, hash, name, reg_time)
values (8, 48.09, '51852-101', 'Nikoletta Gillford', '15/04/2019');
insert into users (id, balance, hash, name, reg_time)
values (9, 65.84, '53113-104', 'Cchaddie Vuitte', '27/10/2019');
insert into users (id, balance, hash, name, reg_time)
values (10, 31.36, '62847-002', 'Pammy Patise', '19/07/2020');
insert into users (id, balance, hash, name, reg_time)
values (11, 22.53, '55154-5481', 'Henka Mander', '30/10/2019');
insert into users (id, balance, hash, name, reg_time)
values (12, 33.01, '68084-505', 'Kristian Dwelling', '21/06/2020');
insert into users (id, balance, hash, name, reg_time)
values (13, 67.85, '53603-1004', 'Jorry Stansbie', '08/06/2019');
insert into users (id, balance, hash, name, reg_time)
values (14, 94.49, '16714-362', 'Stevana Yakunchikov', '14/07/2020');
insert into users (id, balance, hash, name, reg_time)
values (15, 63.96, '58177-312', 'Vivi Frankland', '20/12/2019');
insert into users (id, balance, hash, name, reg_time)
values (16, 96.58, '66993-185', 'Josephina Brothwood', '01/02/2021');
insert into users (id, balance, hash, name, reg_time)
values (17, 57.68, '52959-540', 'Zita Cockitt', '03/02/2020');
insert into users (id, balance, hash, name, reg_time)
values (18, 23.59, '57955-2311', 'Bailie Matovic', '27/07/2020');
insert into users (id, balance, hash, name, reg_time)
values (19, 68.36, '16590-478', 'Othelia Mingus', '30/01/2021');
insert into users (id, balance, hash, name, reg_time)
values (20, 99.94, '55154-1951', 'Ashla Hulland', '20/03/2020');
insert into users (id, balance, hash, name, reg_time)
values (21, 60.58, '51389-250', 'Beatriz Cumpton', '11/10/2020');
insert into users (id, balance, hash, name, reg_time)
values (22, 56.6, '49795-227', 'Malinda Carbry', '22/07/2019');
insert into users (id, balance, hash, name, reg_time)
values (23, 74.45, '37205-476', 'Ethel Francioli', '14/03/2019');
insert into users (id, balance, hash, name, reg_time)
values (24, 24.0, '0093-0248', 'Lorrie Forbear', '11/02/2019');
insert into users (id, balance, hash, name, reg_time)
values (25, 31.65, '16714-522', 'Katerine Casebourne', '19/06/2020');
insert into users (id, balance, hash, name, reg_time)
values (26, 50.59, '63323-280', 'Candice Milbourn', '07/12/2020');
insert into users (id, balance, hash, name, reg_time)
values (27, 43.29, '17271-501', 'Orelee Astlatt', '10/07/2020');
insert into users (id, balance, hash, name, reg_time)
values (28, 58.03, '0603-2949', 'Laughton Bynold', '23/03/2019');
insert into users (id, balance, hash, name, reg_time)
values (29, 73.88, '59779-044', 'Thorny Loidl', '17/05/2020');
insert into users (id, balance, hash, name, reg_time)
values (30, 92.24, '0268-1322', 'Mitzi O''Cannovane', '17/04/2020');
insert into users (id, balance, hash, name, reg_time)
values (31, 81.84, '51997-035', 'Raynard Jolliss', '25/01/2021');
insert into users (id, balance, hash, name, reg_time)
values (32, 74.98, '65692-0263', 'Sonja Skep', '27/12/2020');
insert into users (id, balance, hash, name, reg_time)
values (33, 80.34, '65364-110', 'Misti Rayworth', '05/06/2019');
insert into users (id, balance, hash, name, reg_time)
values (34, 41.66, '36800-630', 'Ranice Nicklinson', '08/01/2019');
insert into users (id, balance, hash, name, reg_time)
values (35, 25.75, '51079-630', 'Friederike Caldron', '28/02/2021');
insert into users (id, balance, hash, name, reg_time)
values (36, 8.0, '50114-0150', 'Neilla Eakeley', '22/12/2020');
insert into users (id, balance, hash, name, reg_time)
values (37, 35.09, '11410-609', 'Cooper Beckworth', '04/11/2020');
insert into users (id, balance, hash, name, reg_time)
values (38, 81.15, '52343-039', 'Leicester Lindell', '04/02/2019');
insert into users (id, balance, hash, name, reg_time)
values (39, 2.67, '52815-122', 'Patten Stillwell', '28/01/2019');
insert into users (id, balance, hash, name, reg_time)
values (40, 9.97, '51389-106', 'Irving Darinton', '10/12/2020');
insert into users (id, balance, hash, name, reg_time)
values (41, 51.31, '67777-308', 'Sophia Briers', '23/09/2020');
insert into users (id, balance, hash, name, reg_time)
values (42, 54.0, '55154-5980', 'Joshua Possell', '29/09/2020');
insert into users (id, balance, hash, name, reg_time)
values (43, 62.64, '42023-107', 'Dayle Olczak', '16/06/2019');
insert into users (id, balance, hash, name, reg_time)
values (44, 12.19, '59779-296', 'Duane MacEntee', '09/03/2020');
insert into users (id, balance, hash, name, reg_time)
values (45, 27.72, '0031-8692', 'Elijah Rowney', '19/12/2020');
insert into users (id, balance, hash, name, reg_time)
values (46, 68.8, '36800-467', 'Hillary Vann', '20/05/2019');
insert into users (id, balance, hash, name, reg_time)
values (47, 91.45, '36987-1878', 'Luke De Micoli', '08/02/2019');
insert into users (id, balance, hash, name, reg_time)
values (48, 30.69, '58503-046', 'Umberto Blumsom', '29/02/2020');
insert into users (id, balance, hash, name, reg_time)
values (49, 55.45, '65643-419', 'Rozanne Faucherand', '21/07/2019');
insert into users (id, balance, hash, name, reg_time)
values (50, 20.08, '43063-059', 'Erskine Hawkridge', '17/06/2019');

insert into genre (id, name, parent_id, slug)
values (1, 'Drama', 0, 'tonkz');
insert into genre (id, name, parent_id, slug)
values (2, 'Comedy', 0, 'fuihj');
insert into genre (id, name, parent_id, slug)
values (3, 'Crime', 0, 'llzxg');
insert into genre (id, name, parent_id, slug)
values (4, 'Thriller', 0, 'judmp');
insert into genre (id, name, parent_id, slug)
values (5, 'Film-Noir', 4, 'vxqrk');
insert into genre (id, name, parent_id, slug)
values (6, 'Fantasy', 0, 'xmjdj');
insert into genre (id, name, parent_id, slug)
values (7, 'Mystery', 4, 'paekx');
insert into genre (id, name, parent_id, slug)
values (8, 'Documentary', 0, 'arblb');
insert into genre (id, name, parent_id, slug)
values (9, 'Western', 1, 'nizdz');
insert into genre (id, name, parent_id, slug)
values (10, 'Animation', 0, 'onvhb');

insert into books (id, pub_date, is_bestseller, slug, title, image, description, price, discount, rating)
values (1, '2016/09/21', 0, 'book-jnn-021', 'Rigoletto', 'http://dummyimage.com/791x263.png/dddddd/000000',
        'Praesent blandit lacinia erat. Vestibulum sed magna at nunc commodo placerat. Praesent blandit. Nam nulla. Integer pede justo, lacinia eget, tincidunt eget, tempus vel, pede.',
        401, 0.47, 4);
insert into books (id, pub_date, is_bestseller, slug, title, image, description, price, discount, rating)
values (2, '2017/10/27', 0, 'book-cxw-234', 'Joe Strummer: The Future Is Unwritten',
        'http://dummyimage.com/725x467.png/5fa2dd/ffffff',
        'Donec semper sapien a libero. Nam dui. Proin leo odio, porttitor id, consequat in, consequat ut, nulla. Sed accumsan felis. Ut at dolor quis odio consequat varius.',
        1008, 0.26, 3);
insert into books (id, pub_date, is_bestseller, slug, title, image, description, price, discount, rating)
values (3, '2017/11/01', 0, 'book-bnf-501', 'My Mom''s New Boyfriend',
        'http://dummyimage.com/595x520.png/cc0000/ffffff',
        'Morbi ut odio. Cras mi pede, malesuada in, imperdiet et, commodo vulputate, justo. In blandit ultrices enim. Lorem ipsum dolor sit amet, consectetuer adipiscing elit. Proin interdum mauris non ligula pellentesque ultrices. Phasellus id sapien in sapien iaculis congue.',
        446, 0.38, 4);
insert into books (id, pub_date, is_bestseller, slug, title, image, description, price, discount, rating)
values (4, '2015/01/15', 0, 'book-ajt-573', 'Balto: Wolf Quest ', 'http://dummyimage.com/493x723.png/cc0000/ffffff',
        'Proin eu mi. Nulla ac enim. In tempor, turpis nec euismod scelerisque, quam turpis adipiscing lorem, vitae mattis nibh ligula nec sem. Duis aliquam convallis nunc. Proin at turpis a pede posuere nonummy.',
        2008, 0.34, 4);
insert into books (id, pub_date, is_bestseller, slug, title, image, description, price, discount, rating)
values (5, '2014/11/21', 0, 'book-ttn-373', 'Notorious C.H.O.', 'http://dummyimage.com/399x784.png/5fa2dd/ffffff',
        'In hac habitasse platea dictumst. Etiam faucibus cursus urna. Ut tellus. Nulla ut erat id mauris vulputate elementum. Nullam varius. Nulla facilisi.',
        1431, 0.13, 3);
insert into books (id, pub_date, is_bestseller, slug, title, image, description, price, discount, rating)
values (6, '2015/03/12', 1, 'book-qjl-804', 'Tru Confessions', 'http://dummyimage.com/781x638.png/cc0000/ffffff',
        'Praesent id massa id nisl venenatis lacinia. Aenean sit amet justo. Morbi ut odio. Cras mi pede, malesuada in, imperdiet et, commodo vulputate, justo. In blandit ultrices enim.',
        762, 0.09, 4);
insert into books (id, pub_date, is_bestseller, slug, title, image, description, price, discount, rating)
values (7, '2017/08/24', 1, 'book-mwr-568', 'Undisputed', 'http://dummyimage.com/640x510.png/dddddd/000000',
        'Donec odio justo, sollicitudin ut, suscipit a, feugiat et, eros. Vestibulum ac est lacinia nisi venenatis tristique. Fusce congue, diam id ornare imperdiet, sapien urna pretium nisl, ut volutpat sapien arcu sed augue. Aliquam erat volutpat. In congue.',
        2399, 0.5, 1);
insert into books (id, pub_date, is_bestseller, slug, title, image, description, price, discount, rating)
values (8, '2019/11/29', 0, 'book-zgc-647', 'Largo Winch (Heir Apparent: Largo Winch, The)',
        'http://dummyimage.com/423x671.png/5fa2dd/ffffff',
        'Sed ante. Vivamus tortor. Duis mattis egestas metus. Aenean fermentum. Donec ut mauris eget massa tempor convallis.',
        487, 0.16, 2);
insert into books (id, pub_date, is_bestseller, slug, title, image, description, price, discount, rating)
values (9, '2019/01/15', 0, 'book-osv-921', 'Frozen Days', 'http://dummyimage.com/538x532.png/cc0000/ffffff',
        'Morbi sem mauris, laoreet ut, rhoncus aliquet, pulvinar sed, nisl. Nunc rhoncus dui vel sem. Sed sagittis. Nam congue, risus semper porta volutpat, quam pede lobortis ligula, sit amet eleifend pede libero quis orci. Nullam molestie nibh in lectus.',
        2234, 0.5, 4);
insert into books (id, pub_date, is_bestseller, slug, title, image, description, price, discount, rating)
values (10, '2019/10/22', 0, 'book-ani-794', 'Little Bit of Soul, A', 'http://dummyimage.com/488x357.png/5fa2dd/ffffff',
        'In quis justo. Maecenas rhoncus aliquam lacus. Morbi quis tortor id nulla ultrices aliquet. Maecenas leo odio, condimentum id, luctus nec, molestie sed, justo. Pellentesque viverra pede ac diam. Cras pellentesque volutpat dui.',
        1575, 0.18, 2);
insert into books (id, pub_date, is_bestseller, slug, title, image, description, price, discount, rating)
values (11, '2019/11/16', 0, 'book-gro-039', 'Post Mortem', 'http://dummyimage.com/736x428.png/ff4444/ffffff',
        'Lorem ipsum dolor sit amet, consectetuer adipiscing elit. Proin risus. Praesent lectus. Vestibulum quam sapien, varius ut, blandit non, interdum in, ante. Vestibulum ante ipsum primis in faucibus orci luctus et ultrices posuere cubilia Curae; Duis faucibus accumsan odio.',
        1855, 0.23, 1);
insert into books (id, pub_date, is_bestseller, slug, title, image, description, price, discount, rating)
values (12, '2018/02/23', 1, 'book-vry-204', 'Babies (Bébé(s))', 'http://dummyimage.com/590x311.png/ff4444/ffffff',
        'Morbi odio odio, elementum eu, interdum eu, tincidunt in, leo. Maecenas pulvinar lobortis est. Phasellus sit amet erat. Nulla tempus. Vivamus in felis eu sapien cursus vestibulum. Proin eu mi.',
        658, 0.35, 1);
insert into books (id, pub_date, is_bestseller, slug, title, image, description, price, discount, rating)
values (13, '2019/12/10', 1, 'book-dhp-392', 'Grand Day Out with Wallace and Gromit, A',
        'http://dummyimage.com/631x504.png/cc0000/ffffff',
        'Nunc purus. Phasellus in felis. Donec semper sapien a libero. Nam dui. Proin leo odio, porttitor id, consequat in, consequat ut, nulla. Sed accumsan felis.',
        1259, 0.16, 0);
insert into books (id, pub_date, is_bestseller, slug, title, image, description, price, discount, rating)
values (14, '2010/12/26', 0, 'book-pvm-423', 'Buffalo ''66 (a.k.a. Buffalo 66)',
        'http://dummyimage.com/357x448.png/5fa2dd/ffffff',
        'Cum sociis natoque penatibus et magnis dis parturient montes, nascetur ridiculus mus. Etiam vel augue. Vestibulum rutrum rutrum neque. Aenean auctor gravida sem. Praesent id massa id nisl venenatis lacinia. Aenean sit amet justo.',
        1462, 0.36, 5);
insert into books (id, pub_date, is_bestseller, slug, title, image, description, price, discount, rating)
values (15, '2020/07/20', 0, 'book-krm-693', 'Vito', 'http://dummyimage.com/251x644.png/ff4444/ffffff',
        'Aenean lectus. Pellentesque eget nunc. Donec quis orci eget orci vehicula condimentum. Curabitur in libero ut massa volutpat convallis. Morbi odio odio, elementum eu, interdum eu, tincidunt in, leo. Maecenas pulvinar lobortis est.',
        1342, 0.36, 1);
insert into books (id, pub_date, is_bestseller, slug, title, image, description, price, discount, rating)
values (16, '2014/12/11', 0, 'book-ivv-793', 'Gory Gory Hallelujah', 'http://dummyimage.com/386x349.png/dddddd/000000',
        'Nunc rhoncus dui vel sem. Sed sagittis. Nam congue, risus semper porta volutpat, quam pede lobortis ligula, sit amet eleifend pede libero quis orci. Nullam molestie nibh in lectus. Pellentesque at nulla. Suspendisse potenti.',
        2300, 0.34, 0);
insert into books (id, pub_date, is_bestseller, slug, title, image, description, price, discount, rating)
values (17, '2015/06/14', 1, 'book-psk-843', 'Digimon: The Movie', 'http://dummyimage.com/388x541.png/cc0000/ffffff',
        'Suspendisse potenti. In eleifend quam a odio. In hac habitasse platea dictumst. Maecenas ut massa quis augue luctus tincidunt. Nulla mollis molestie lorem. Quisque ut erat.',
        1549, 0.44, 5);
insert into books (id, pub_date, is_bestseller, slug, title, image, description, price, discount, rating)
values (18, '2011/12/05', 0, 'book-cfq-790', 'Unknown Woman, The (Tuntematon emäntä)',
        'http://dummyimage.com/471x387.png/5fa2dd/ffffff',
        'Morbi sem mauris, laoreet ut, rhoncus aliquet, pulvinar sed, nisl. Nunc rhoncus dui vel sem. Sed sagittis. Nam congue, risus semper porta volutpat, quam pede lobortis ligula, sit amet eleifend pede libero quis orci. Nullam molestie nibh in lectus.',
        948, 0.42, 3);
insert into books (id, pub_date, is_bestseller, slug, title, image, description, price, discount, rating)
values (19, '2020/08/01', 1, 'book-qye-014', 'Winning of Barbara Worth, The',
        'http://dummyimage.com/329x280.png/cc0000/ffffff',
        'Nulla facilisi. Cras non velit nec nisi vulputate nonummy. Maecenas tincidunt lacus at velit. Vivamus vel nulla eget eros elementum pellentesque. Quisque porta volutpat erat.',
        1584, 0.35, 1);
insert into books (id, pub_date, is_bestseller, slug, title, image, description, price, discount, rating)
values (20, '2013/01/29', 0, 'book-jvc-883', 'Civic Duty', 'http://dummyimage.com/735x261.png/ff4444/ffffff',
        'Morbi vel lectus in quam fringilla rhoncus. Mauris enim leo, rhoncus sed, vestibulum sit amet, cursus id, turpis. Integer aliquet, massa id lobortis convallis, tortor risus dapibus augue, vel accumsan tellus nisi eu orci. Mauris lacinia sapien quis libero. Nullam sit amet turpis elementum ligula vehicula consequat. Morbi a ipsum.',
        490, 0.41, 2);
insert into books (id, pub_date, is_bestseller, slug, title, image, description, price, discount, rating)
values (21, '2018/10/05', 0, 'book-xvr-605', 'This Is Not a Film (In film nist)',
        'http://dummyimage.com/678x550.png/5fa2dd/ffffff',
        'Praesent id massa id nisl venenatis lacinia. Aenean sit amet justo. Morbi ut odio. Cras mi pede, malesuada in, imperdiet et, commodo vulputate, justo. In blandit ultrices enim. Lorem ipsum dolor sit amet, consectetuer adipiscing elit.',
        2439, 0.31, 5);
insert into books (id, pub_date, is_bestseller, slug, title, image, description, price, discount, rating)
values (22, '2015/08/30', 0, 'book-trh-079', 'The White Sister', 'http://dummyimage.com/359x423.png/ff4444/ffffff',
        'Aliquam quis turpis eget elit sodales scelerisque. Mauris sit amet eros. Suspendisse accumsan tortor quis turpis. Sed ante. Vivamus tortor. Duis mattis egestas metus.',
        1117, 0.18, 0);
insert into books (id, pub_date, is_bestseller, slug, title, image, description, price, discount, rating)
values (23, '2014/04/04', 0, 'book-rxv-456', 'Intimate Lighting (Intimni osvetleni)',
        'http://dummyimage.com/265x486.png/dddddd/000000',
        'Curabitur in libero ut massa volutpat convallis. Morbi odio odio, elementum eu, interdum eu, tincidunt in, leo. Maecenas pulvinar lobortis est. Phasellus sit amet erat. Nulla tempus. Vivamus in felis eu sapien cursus vestibulum.',
        534, 0.23, 4);
insert into books (id, pub_date, is_bestseller, slug, title, image, description, price, discount, rating)
values (24, '2013/10/07', 0, 'book-tgs-943', 'Nun, The (La religieuse)',
        'http://dummyimage.com/775x320.png/cc0000/ffffff',
        'Duis at velit eu est congue elementum. In hac habitasse platea dictumst. Morbi vestibulum, velit id pretium iaculis, diam erat fermentum justo, nec condimentum neque sapien placerat ante. Nulla justo. Aliquam quis turpis eget elit sodales scelerisque.',
        1318, 0.49, 2);
insert into books (id, pub_date, is_bestseller, slug, title, image, description, price, discount, rating)
values (25, '2011/02/03', 0, 'book-okj-357', 'International, The', 'http://dummyimage.com/281x335.png/cc0000/ffffff',
        'Vestibulum quam sapien, varius ut, blandit non, interdum in, ante. Vestibulum ante ipsum primis in faucibus orci luctus et ultrices posuere cubilia Curae; Duis faucibus accumsan odio. Curabitur convallis. Duis consequat dui nec nisi volutpat eleifend. Donec ut dolor.',
        1334, 0.29, 0);
insert into books (id, pub_date, is_bestseller, slug, title, image, description, price, discount, rating)
values (26, '2012/08/17', 1, 'book-uyr-907', 'Divided We Fall (Musíme si pomáhat)',
        'http://dummyimage.com/374x308.png/ff4444/ffffff',
        'Pellentesque at nulla. Suspendisse potenti. Cras in purus eu magna vulputate luctus. Cum sociis natoque penatibus et magnis dis parturient montes, nascetur ridiculus mus. Vivamus vestibulum sagittis sapien. Cum sociis natoque penatibus et magnis dis parturient montes, nascetur ridiculus mus.',
        404, 0.3, 1);
insert into books (id, pub_date, is_bestseller, slug, title, image, description, price, discount, rating)
values (27, '2020/04/23', 1, 'book-ria-372', 'Cotton Comes to Harlem',
        'http://dummyimage.com/412x629.png/5fa2dd/ffffff',
        'Pellentesque eget nunc. Donec quis orci eget orci vehicula condimentum. Curabitur in libero ut massa volutpat convallis. Morbi odio odio, elementum eu, interdum eu, tincidunt in, leo. Maecenas pulvinar lobortis est.',
        1948, 0.44, 2);
insert into books (id, pub_date, is_bestseller, slug, title, image, description, price, discount, rating)
values (28, '2015/09/22', 1, 'book-umo-827', 'Shadows in Paradise (Varjoja paratiisissa)',
        'http://dummyimage.com/662x731.png/5fa2dd/ffffff',
        'Maecenas rhoncus aliquam lacus. Morbi quis tortor id nulla ultrices aliquet. Maecenas leo odio, condimentum id, luctus nec, molestie sed, justo. Pellentesque viverra pede ac diam. Cras pellentesque volutpat dui.',
        2323, 0.06, 1);
insert into books (id, pub_date, is_bestseller, slug, title, image, description, price, discount, rating)
values (29, '2012/05/06', 0, 'book-rdr-715', 'New Wave (Nouvelle vague)',
        'http://dummyimage.com/285x351.png/5fa2dd/ffffff',
        'In quis justo. Maecenas rhoncus aliquam lacus. Morbi quis tortor id nulla ultrices aliquet. Maecenas leo odio, condimentum id, luctus nec, molestie sed, justo. Pellentesque viverra pede ac diam.',
        861, 0.29, 0);
insert into books (id, pub_date, is_bestseller, slug, title, image, description, price, discount, rating)
values (30, '2010/09/20', 0, 'book-rlv-206', 'Talented Mr. Ripley, The',
        'http://dummyimage.com/390x690.png/5fa2dd/ffffff',
        'Nullam molestie nibh in lectus. Pellentesque at nulla. Suspendisse potenti. Cras in purus eu magna vulputate luctus. Cum sociis natoque penatibus et magnis dis parturient montes, nascetur ridiculus mus. Vivamus vestibulum sagittis sapien.',
        1816, 0.21, 2);
insert into books (id, pub_date, is_bestseller, slug, title, image, description, price, discount, rating)
values (31, '2014/04/14', 1, 'book-ple-840', 'Upswing (Nousukausi)', 'http://dummyimage.com/446x720.png/dddddd/000000',
        'Duis at velit eu est congue elementum. In hac habitasse platea dictumst. Morbi vestibulum, velit id pretium iaculis, diam erat fermentum justo, nec condimentum neque sapien placerat ante. Nulla justo. Aliquam quis turpis eget elit sodales scelerisque. Mauris sit amet eros.',
        1309, 0.11, 0);
insert into books (id, pub_date, is_bestseller, slug, title, image, description, price, discount, rating)
values (32, '2019/09/21', 1, 'book-ezo-942', 'Earthquake', 'http://dummyimage.com/566x345.png/cc0000/ffffff',
        'Maecenas leo odio, condimentum id, luctus nec, molestie sed, justo. Pellentesque viverra pede ac diam. Cras pellentesque volutpat dui. Maecenas tristique, est et tempus semper, est quam pharetra magna, ac consequat metus sapien ut nunc. Vestibulum ante ipsum primis in faucibus orci luctus et ultrices posuere cubilia Curae; Mauris viverra diam vitae quam. Suspendisse potenti.',
        903, 0.37, 4);
insert into books (id, pub_date, is_bestseller, slug, title, image, description, price, discount, rating)
values (33, '2016/10/01', 0, 'book-boj-146', 'Under the Tuscan Sun', 'http://dummyimage.com/728x250.png/5fa2dd/ffffff',
        'Nulla tellus. In sagittis dui vel nisl. Duis ac nibh. Fusce lacus purus, aliquet at, feugiat non, pretium quis, lectus. Suspendisse potenti. In eleifend quam a odio.',
        1048, 0.08, 2);
insert into books (id, pub_date, is_bestseller, slug, title, image, description, price, discount, rating)
values (34, '2019/03/23', 1, 'book-yej-620', 'Anacondas: The Hunt for the Blood Orchid',
        'http://dummyimage.com/265x751.png/cc0000/ffffff',
        'Nulla ut erat id mauris vulputate elementum. Nullam varius. Nulla facilisi. Cras non velit nec nisi vulputate nonummy. Maecenas tincidunt lacus at velit.',
        149, 0.46, 1);
insert into books (id, pub_date, is_bestseller, slug, title, image, description, price, discount, rating)
values (35, '2016/06/07', 0, 'book-sjs-228', 'House That Dripped Blood, The',
        'http://dummyimage.com/777x614.png/cc0000/ffffff',
        'Donec ut mauris eget massa tempor convallis. Nulla neque libero, convallis eget, eleifend luctus, ultricies eu, nibh. Quisque id justo sit amet sapien dignissim vestibulum. Vestibulum ante ipsum primis in faucibus orci luctus et ultrices posuere cubilia Curae; Nulla dapibus dolor vel est. Donec odio justo, sollicitudin ut, suscipit a, feugiat et, eros. Vestibulum ac est lacinia nisi venenatis tristique.',
        1034, 0.16, 1);
insert into books (id, pub_date, is_bestseller, slug, title, image, description, price, discount, rating)
values (36, '2013/11/21', 1, 'book-vyg-628', 'Trip, The', 'http://dummyimage.com/749x409.png/cc0000/ffffff',
        'Quisque erat eros, viverra eget, congue eget, semper rutrum, nulla. Nunc purus. Phasellus in felis. Donec semper sapien a libero. Nam dui. Proin leo odio, porttitor id, consequat in, consequat ut, nulla.',
        1572, 0.33, 0);
insert into books (id, pub_date, is_bestseller, slug, title, image, description, price, discount, rating)
values (37, '2013/07/24', 1, 'book-zaq-638', 'Mahogany', 'http://dummyimage.com/781x578.png/5fa2dd/ffffff',
        'Pellentesque eget nunc. Donec quis orci eget orci vehicula condimentum. Curabitur in libero ut massa volutpat convallis. Morbi odio odio, elementum eu, interdum eu, tincidunt in, leo. Maecenas pulvinar lobortis est. Phasellus sit amet erat.',
        1769, 0.41, 1);
insert into books (id, pub_date, is_bestseller, slug, title, image, description, price, discount, rating)
values (38, '2015/03/29', 1, 'book-egw-241', 'Batman: The Dark Knight Returns, Part 1',
        'http://dummyimage.com/764x711.png/dddddd/000000',
        'Sed ante. Vivamus tortor. Duis mattis egestas metus. Aenean fermentum. Donec ut mauris eget massa tempor convallis.',
        561, 0.13, 3);
insert into books (id, pub_date, is_bestseller, slug, title, image, description, price, discount, rating)
values (39, '2012/06/10', 0, 'book-kli-637', 'William Vincent (Shadows and Lies)',
        'http://dummyimage.com/272x531.png/dddddd/000000',
        'Vivamus metus arcu, adipiscing molestie, hendrerit at, vulputate vitae, nisl. Aenean lectus. Pellentesque eget nunc. Donec quis orci eget orci vehicula condimentum. Curabitur in libero ut massa volutpat convallis. Morbi odio odio, elementum eu, interdum eu, tincidunt in, leo.',
        611, 0.12, 1);
insert into books (id, pub_date, is_bestseller, slug, title, image, description, price, discount, rating)
values (40, '2011/04/12', 0, 'book-twj-010', 'I Am the Law', 'http://dummyimage.com/597x278.png/dddddd/000000',
        'Sed accumsan felis. Ut at dolor quis odio consequat varius. Integer ac leo. Pellentesque ultrices mattis odio. Donec vitae nisi.',
        797, 0.42, 3);
insert into books (id, pub_date, is_bestseller, slug, title, image, description, price, discount, rating)
values (41, '2017/01/17', 1, 'book-lpi-473', 'Numbskull Emptybrook (Uuno Turhapuro)',
        'http://dummyimage.com/512x287.png/cc0000/ffffff',
        'Nam dui. Proin leo odio, porttitor id, consequat in, consequat ut, nulla. Sed accumsan felis. Ut at dolor quis odio consequat varius. Integer ac leo. Pellentesque ultrices mattis odio.',
        1107, 0.17, 3);
insert into books (id, pub_date, is_bestseller, slug, title, image, description, price, discount, rating)
values (42, '2014/05/05', 0, 'book-dpu-701', 'Penelope', 'http://dummyimage.com/774x253.png/dddddd/000000',
        'Aliquam erat volutpat. In congue. Etiam justo. Etiam pretium iaculis justo. In hac habitasse platea dictumst.',
        2282, 0.14, 2);
insert into books (id, pub_date, is_bestseller, slug, title, image, description, price, discount, rating)
values (43, '2011/02/19', 0, 'book-ofg-194', 'Speedway', 'http://dummyimage.com/589x293.png/5fa2dd/ffffff',
        'Morbi a ipsum. Integer a nibh. In quis justo. Maecenas rhoncus aliquam lacus. Morbi quis tortor id nulla ultrices aliquet. Maecenas leo odio, condimentum id, luctus nec, molestie sed, justo.',
        535, 0.26, 2);
insert into books (id, pub_date, is_bestseller, slug, title, image, description, price, discount, rating)
values (44, '2015/03/26', 1, 'book-ibn-745', 'Life Partners', 'http://dummyimage.com/462x411.png/ff4444/ffffff',
        'Nulla mollis molestie lorem. Quisque ut erat. Curabitur gravida nisi at nibh. In hac habitasse platea dictumst. Aliquam augue quam, sollicitudin vitae, consectetuer eget, rutrum at, lorem. Integer tincidunt ante vel ipsum.',
        1639, 0.15, 0);
insert into books (id, pub_date, is_bestseller, slug, title, image, description, price, discount, rating)
values (45, '2015/04/28', 0, 'book-spk-346', 'Dona Flor and Her Two Husbands (Dona Flor e Seus Dois Maridos)',
        'http://dummyimage.com/312x269.png/dddddd/000000',
        'Etiam justo. Etiam pretium iaculis justo. In hac habitasse platea dictumst. Etiam faucibus cursus urna. Ut tellus.',
        1758, 0.14, 2);
insert into books (id, pub_date, is_bestseller, slug, title, image, description, price, discount, rating)
values (46, '2015/06/12', 0, 'book-uek-754', 'Minion, The', 'http://dummyimage.com/691x641.png/ff4444/ffffff',
        'Nulla justo. Aliquam quis turpis eget elit sodales scelerisque. Mauris sit amet eros. Suspendisse accumsan tortor quis turpis. Sed ante.',
        2060, 0.28, 1);
insert into books (id, pub_date, is_bestseller, slug, title, image, description, price, discount, rating)
values (47, '2011/09/15', 1, 'book-wxp-195', 'Babies (Bébé(s))', 'http://dummyimage.com/303x703.png/dddddd/000000',
        'Lorem ipsum dolor sit amet, consectetuer adipiscing elit. Proin interdum mauris non ligula pellentesque ultrices. Phasellus id sapien in sapien iaculis congue. Vivamus metus arcu, adipiscing molestie, hendrerit at, vulputate vitae, nisl. Aenean lectus.',
        660, 0.3, 4);
insert into books (id, pub_date, is_bestseller, slug, title, image, description, price, discount, rating)
values (48, '2020/12/11', 1, 'book-kui-860', 'Murder on a Sunday Morning (Un coupable idéal)',
        'http://dummyimage.com/418x553.png/5fa2dd/ffffff',
        'In est risus, auctor sed, tristique in, tempus sit amet, sem. Fusce consequat. Nulla nisl. Nunc nisl. Duis bibendum, felis sed interdum venenatis, turpis enim blandit mi, in porttitor pede justo eu massa. Donec dapibus.',
        759, 0.11, 0);
insert into books (id, pub_date, is_bestseller, slug, title, image, description, price, discount, rating)
values (49, '2013/08/17', 0, 'book-eim-488', 'Jury Duty', 'http://dummyimage.com/780x416.png/ff4444/ffffff',
        'Ut at dolor quis odio consequat varius. Integer ac leo. Pellentesque ultrices mattis odio. Donec vitae nisi. Nam ultrices, libero non mattis pulvinar, nulla pede ullamcorper augue, a suscipit nulla elit ac nulla.',
        2457, 0.14, 0);
insert into books (id, pub_date, is_bestseller, slug, title, image, description, price, discount, rating)
values (50, '2017/10/03', 1, 'book-snt-767', 'Harlan County U.S.A.', 'http://dummyimage.com/666x414.png/cc0000/ffffff',
        'In sagittis dui vel nisl. Duis ac nibh. Fusce lacus purus, aliquet at, feugiat non, pretium quis, lectus. Suspendisse potenti. In eleifend quam a odio. In hac habitasse platea dictumst.',
        1277, 0.2, 4);
insert into books (id, pub_date, is_bestseller, slug, title, image, description, price, discount, rating)
values (51, '2018/02/24', 1, 'book-wvh-157', 'What If', 'http://dummyimage.com/591x760.png/ff4444/ffffff',
        'Proin interdum mauris non ligula pellentesque ultrices. Phasellus id sapien in sapien iaculis congue. Vivamus metus arcu, adipiscing molestie, hendrerit at, vulputate vitae, nisl. Aenean lectus. Pellentesque eget nunc.',
        236, 0.28, 3);
insert into books (id, pub_date, is_bestseller, slug, title, image, description, price, discount, rating)
values (52, '2014/01/09', 0, 'book-spl-234', 'Steamboy (Suchîmubôi)', 'http://dummyimage.com/394x486.png/ff4444/ffffff',
        'Nam congue, risus semper porta volutpat, quam pede lobortis ligula, sit amet eleifend pede libero quis orci. Nullam molestie nibh in lectus. Pellentesque at nulla. Suspendisse potenti. Cras in purus eu magna vulputate luctus. Cum sociis natoque penatibus et magnis dis parturient montes, nascetur ridiculus mus.',
        1686, 0.43, 4);
insert into books (id, pub_date, is_bestseller, slug, title, image, description, price, discount, rating)
values (53, '2016/05/16', 0, 'book-aay-165', 'Outrageous Class (Hababam sinifi)',
        'http://dummyimage.com/440x363.png/cc0000/ffffff',
        'Proin interdum mauris non ligula pellentesque ultrices. Phasellus id sapien in sapien iaculis congue. Vivamus metus arcu, adipiscing molestie, hendrerit at, vulputate vitae, nisl. Aenean lectus. Pellentesque eget nunc.',
        1933, 0.15, 4);
insert into books (id, pub_date, is_bestseller, slug, title, image, description, price, discount, rating)
values (54, '2013/02/15', 0, 'book-bjg-413', 'Roller Boogie', 'http://dummyimage.com/652x687.png/dddddd/000000',
        'Mauris enim leo, rhoncus sed, vestibulum sit amet, cursus id, turpis. Integer aliquet, massa id lobortis convallis, tortor risus dapibus augue, vel accumsan tellus nisi eu orci. Mauris lacinia sapien quis libero. Nullam sit amet turpis elementum ligula vehicula consequat. Morbi a ipsum.',
        312, 0.19, 3);
insert into books (id, pub_date, is_bestseller, slug, title, image, description, price, discount, rating)
values (55, '2015/04/26', 1, 'book-xlc-503', 'Slingshot Hip Hop', 'http://dummyimage.com/492x558.png/5fa2dd/ffffff',
        'Morbi non quam nec dui luctus rutrum. Nulla tellus. In sagittis dui vel nisl. Duis ac nibh. Fusce lacus purus, aliquet at, feugiat non, pretium quis, lectus. Suspendisse potenti.',
        955, 0.18, 3);
insert into books (id, pub_date, is_bestseller, slug, title, image, description, price, discount, rating)
values (56, '2018/03/31', 1, 'book-ahu-881', 'My Daughter, the Socialist (I kori mou, i sosialistria)',
        'http://dummyimage.com/418x621.png/dddddd/000000',
        'Vestibulum ante ipsum primis in faucibus orci luctus et ultrices posuere cubilia Curae; Mauris viverra diam vitae quam. Suspendisse potenti. Nullam porttitor lacus at turpis. Donec posuere metus vitae ipsum. Aliquam non mauris.',
        1417, 0.25, 2);
insert into books (id, pub_date, is_bestseller, slug, title, image, description, price, discount, rating)
values (57, '2017/03/19', 0, 'book-nlk-885', 'Because You''re Mine', 'http://dummyimage.com/707x662.png/cc0000/ffffff',
        'Aenean auctor gravida sem. Praesent id massa id nisl venenatis lacinia. Aenean sit amet justo. Morbi ut odio. Cras mi pede, malesuada in, imperdiet et, commodo vulputate, justo. In blandit ultrices enim.',
        1767, 0.5, 2);
insert into books (id, pub_date, is_bestseller, slug, title, image, description, price, discount, rating)
values (58, '2014/04/30', 0, 'book-tft-108', 'Portrait Werner Herzog',
        'http://dummyimage.com/347x334.png/dddddd/000000',
        'Morbi ut odio. Cras mi pede, malesuada in, imperdiet et, commodo vulputate, justo. In blandit ultrices enim. Lorem ipsum dolor sit amet, consectetuer adipiscing elit. Proin interdum mauris non ligula pellentesque ultrices. Phasellus id sapien in sapien iaculis congue.',
        1772, 0.17, 3);
insert into books (id, pub_date, is_bestseller, slug, title, image, description, price, discount, rating)
values (59, '2015/01/08', 0, 'book-bcu-316', 'Leviathan', 'http://dummyimage.com/670x564.png/ff4444/ffffff',
        'Phasellus sit amet erat. Nulla tempus. Vivamus in felis eu sapien cursus vestibulum. Proin eu mi. Nulla ac enim.',
        1009, 0.28, 2);
insert into books (id, pub_date, is_bestseller, slug, title, image, description, price, discount, rating)
values (60, '2020/06/24', 0, 'book-nly-128', 'George of the Jungle', 'http://dummyimage.com/403x641.png/cc0000/ffffff',
        'Nullam sit amet turpis elementum ligula vehicula consequat. Morbi a ipsum. Integer a nibh. In quis justo. Maecenas rhoncus aliquam lacus. Morbi quis tortor id nulla ultrices aliquet.',
        1817, 0.4, 0);
insert into books (id, pub_date, is_bestseller, slug, title, image, description, price, discount, rating)
values (61, '2015/01/04', 1, 'book-mwh-697', 'Aaltra', 'http://dummyimage.com/605x664.png/5fa2dd/ffffff',
        'Nulla justo. Aliquam quis turpis eget elit sodales scelerisque. Mauris sit amet eros. Suspendisse accumsan tortor quis turpis. Sed ante.',
        1267, 0.15, 2);
insert into books (id, pub_date, is_bestseller, slug, title, image, description, price, discount, rating)
values (62, '2016/07/23', 1, 'book-gox-147', 'Grbavica: The Land of My Dreams (Grbavica)',
        'http://dummyimage.com/737x588.png/cc0000/ffffff',
        'Nulla tellus. In sagittis dui vel nisl. Duis ac nibh. Fusce lacus purus, aliquet at, feugiat non, pretium quis, lectus. Suspendisse potenti. In eleifend quam a odio.',
        457, 0.2, 3);
insert into books (id, pub_date, is_bestseller, slug, title, image, description, price, discount, rating)
values (63, '2019/08/23', 1, 'book-wcy-269', 'Burn Paris Burn', 'http://dummyimage.com/408x623.png/ff4444/ffffff',
        'Integer a nibh. In quis justo. Maecenas rhoncus aliquam lacus. Morbi quis tortor id nulla ultrices aliquet. Maecenas leo odio, condimentum id, luctus nec, molestie sed, justo. Pellentesque viverra pede ac diam.',
        2363, 0.35, 0);
insert into books (id, pub_date, is_bestseller, slug, title, image, description, price, discount, rating)
values (64, '2011/10/30', 1, 'book-vit-788', 'Last Days', 'http://dummyimage.com/422x392.png/dddddd/000000',
        'Vivamus in felis eu sapien cursus vestibulum. Proin eu mi. Nulla ac enim. In tempor, turpis nec euismod scelerisque, quam turpis adipiscing lorem, vitae mattis nibh ligula nec sem. Duis aliquam convallis nunc. Proin at turpis a pede posuere nonummy.',
        1409, 0.17, 4);
insert into books (id, pub_date, is_bestseller, slug, title, image, description, price, discount, rating)
values (65, '2012/07/13', 0, 'book-kad-533', 'El Escarabajo de Oro', 'http://dummyimage.com/382x623.png/ff4444/ffffff',
        'Cras non velit nec nisi vulputate nonummy. Maecenas tincidunt lacus at velit. Vivamus vel nulla eget eros elementum pellentesque. Quisque porta volutpat erat. Quisque erat eros, viverra eget, congue eget, semper rutrum, nulla. Nunc purus.',
        988, 0.32, 2);
insert into books (id, pub_date, is_bestseller, slug, title, image, description, price, discount, rating)
values (66, '2020/04/09', 1, 'book-nun-978', 'Shine a Light', 'http://dummyimage.com/479x306.png/cc0000/ffffff',
        'Duis bibendum, felis sed interdum venenatis, turpis enim blandit mi, in porttitor pede justo eu massa. Donec dapibus. Duis at velit eu est congue elementum. In hac habitasse platea dictumst. Morbi vestibulum, velit id pretium iaculis, diam erat fermentum justo, nec condimentum neque sapien placerat ante. Nulla justo.',
        831, 0.24, 3);
insert into books (id, pub_date, is_bestseller, slug, title, image, description, price, discount, rating)
values (67, '2015/09/09', 1, 'book-tfb-774', 'Two Jakes, The', 'http://dummyimage.com/643x348.png/ff4444/ffffff',
        'Proin eu mi. Nulla ac enim. In tempor, turpis nec euismod scelerisque, quam turpis adipiscing lorem, vitae mattis nibh ligula nec sem. Duis aliquam convallis nunc. Proin at turpis a pede posuere nonummy.',
        881, 0.35, 1);
insert into books (id, pub_date, is_bestseller, slug, title, image, description, price, discount, rating)
values (68, '2015/06/13', 1, 'book-czf-953', 'Asoka (Ashoka the Great)',
        'http://dummyimage.com/704x666.png/5fa2dd/ffffff',
        'Integer aliquet, massa id lobortis convallis, tortor risus dapibus augue, vel accumsan tellus nisi eu orci. Mauris lacinia sapien quis libero. Nullam sit amet turpis elementum ligula vehicula consequat. Morbi a ipsum. Integer a nibh.',
        725, 0.23, 5);
insert into books (id, pub_date, is_bestseller, slug, title, image, description, price, discount, rating)
values (69, '2014/06/02', 1, 'book-mij-826', 'Plough and the Stars, The',
        'http://dummyimage.com/378x482.png/cc0000/ffffff',
        'In quis justo. Maecenas rhoncus aliquam lacus. Morbi quis tortor id nulla ultrices aliquet. Maecenas leo odio, condimentum id, luctus nec, molestie sed, justo. Pellentesque viverra pede ac diam. Cras pellentesque volutpat dui.',
        1151, 0.06, 3);
insert into books (id, pub_date, is_bestseller, slug, title, image, description, price, discount, rating)
values (70, '2012/09/25', 1, 'book-rwz-335', 'Nightmare on Elm Street, A',
        'http://dummyimage.com/285x776.png/ff4444/ffffff',
        'Cras non velit nec nisi vulputate nonummy. Maecenas tincidunt lacus at velit. Vivamus vel nulla eget eros elementum pellentesque. Quisque porta volutpat erat. Quisque erat eros, viverra eget, congue eget, semper rutrum, nulla. Nunc purus.',
        710, 0.49, 5);
insert into books (id, pub_date, is_bestseller, slug, title, image, description, price, discount, rating)
values (71, '2011/08/05', 0, 'book-acc-944', 'Code, The (Mentale, La)',
        'http://dummyimage.com/657x733.png/5fa2dd/ffffff',
        'Donec quis orci eget orci vehicula condimentum. Curabitur in libero ut massa volutpat convallis. Morbi odio odio, elementum eu, interdum eu, tincidunt in, leo. Maecenas pulvinar lobortis est. Phasellus sit amet erat. Nulla tempus.',
        1635, 0.19, 3);
insert into books (id, pub_date, is_bestseller, slug, title, image, description, price, discount, rating)
values (72, '2018/12/17', 0, 'book-anr-566', 'Sling Blade', 'http://dummyimage.com/559x591.png/ff4444/ffffff',
        'Mauris sit amet eros. Suspendisse accumsan tortor quis turpis. Sed ante. Vivamus tortor. Duis mattis egestas metus. Aenean fermentum.',
        2267, 0.29, 0);
insert into books (id, pub_date, is_bestseller, slug, title, image, description, price, discount, rating)
values (73, '2012/09/28', 1, 'book-thp-829', 'Fighter, The', 'http://dummyimage.com/664x438.png/dddddd/000000',
        'Nullam porttitor lacus at turpis. Donec posuere metus vitae ipsum. Aliquam non mauris. Morbi non lectus. Aliquam sit amet diam in magna bibendum imperdiet. Nullam orci pede, venenatis non, sodales sed, tincidunt eu, felis.',
        387, 0.3, 4);
insert into books (id, pub_date, is_bestseller, slug, title, image, description, price, discount, rating)
values (74, '2011/09/15', 0, 'book-gmo-875', 'Wanted', 'http://dummyimage.com/315x423.png/cc0000/ffffff',
        'Ut at dolor quis odio consequat varius. Integer ac leo. Pellentesque ultrices mattis odio. Donec vitae nisi. Nam ultrices, libero non mattis pulvinar, nulla pede ullamcorper augue, a suscipit nulla elit ac nulla.',
        632, 0.42, 4);
insert into books (id, pub_date, is_bestseller, slug, title, image, description, price, discount, rating)
values (75, '2020/07/20', 0, 'book-qyb-840', 'Slaughterhouse', 'http://dummyimage.com/587x533.png/cc0000/ffffff',
        'Curabitur gravida nisi at nibh. In hac habitasse platea dictumst. Aliquam augue quam, sollicitudin vitae, consectetuer eget, rutrum at, lorem. Integer tincidunt ante vel ipsum. Praesent blandit lacinia erat.',
        1077, 0.18, 3);
insert into books (id, pub_date, is_bestseller, slug, title, image, description, price, discount, rating)
values (76, '2013/09/16', 1, 'book-kdy-019', 'West of Zanzibar', 'http://dummyimage.com/697x637.png/cc0000/ffffff',
        'Morbi vel lectus in quam fringilla rhoncus. Mauris enim leo, rhoncus sed, vestibulum sit amet, cursus id, turpis. Integer aliquet, massa id lobortis convallis, tortor risus dapibus augue, vel accumsan tellus nisi eu orci. Mauris lacinia sapien quis libero. Nullam sit amet turpis elementum ligula vehicula consequat.',
        930, 0.34, 4);
insert into books (id, pub_date, is_bestseller, slug, title, image, description, price, discount, rating)
values (77, '2012/01/01', 0, 'book-wwk-820', 'Tarzan the Ape Man', 'http://dummyimage.com/471x375.png/dddddd/000000',
        'In tempor, turpis nec euismod scelerisque, quam turpis adipiscing lorem, vitae mattis nibh ligula nec sem. Duis aliquam convallis nunc. Proin at turpis a pede posuere nonummy. Integer non velit. Donec diam neque, vestibulum eget, vulputate ut, ultrices vel, augue.',
        1063, 0.43, 4);
insert into books (id, pub_date, is_bestseller, slug, title, image, description, price, discount, rating)
values (78, '2019/11/01', 1, 'book-hsx-999', 'Wool Cap, The', 'http://dummyimage.com/597x432.png/dddddd/000000',
        'Quisque ut erat. Curabitur gravida nisi at nibh. In hac habitasse platea dictumst. Aliquam augue quam, sollicitudin vitae, consectetuer eget, rutrum at, lorem. Integer tincidunt ante vel ipsum. Praesent blandit lacinia erat.',
        667, 0.09, 0);
insert into books (id, pub_date, is_bestseller, slug, title, image, description, price, discount, rating)
values (79, '2013/02/10', 0, 'book-wox-930', 'Diamond Girl', 'http://dummyimage.com/461x572.png/cc0000/ffffff',
        'Lorem ipsum dolor sit amet, consectetuer adipiscing elit. Proin risus. Praesent lectus. Vestibulum quam sapien, varius ut, blandit non, interdum in, ante. Vestibulum ante ipsum primis in faucibus orci luctus et ultrices posuere cubilia Curae; Duis faucibus accumsan odio. Curabitur convallis.',
        2292, 0.2, 0);
insert into books (id, pub_date, is_bestseller, slug, title, image, description, price, discount, rating)
values (80, '2017/08/10', 0, 'book-wlb-522', 'Exit', 'http://dummyimage.com/387x466.png/ff4444/ffffff',
        'Maecenas leo odio, condimentum id, luctus nec, molestie sed, justo. Pellentesque viverra pede ac diam. Cras pellentesque volutpat dui. Maecenas tristique, est et tempus semper, est quam pharetra magna, ac consequat metus sapien ut nunc. Vestibulum ante ipsum primis in faucibus orci luctus et ultrices posuere cubilia Curae; Mauris viverra diam vitae quam. Suspendisse potenti.',
        1809, 0.23, 1);
insert into books (id, pub_date, is_bestseller, slug, title, image, description, price, discount, rating)
values (81, '2016/01/27', 1, 'book-mat-459', 'Tokyo.Sora', 'http://dummyimage.com/540x792.png/5fa2dd/ffffff',
        'Praesent blandit. Nam nulla. Integer pede justo, lacinia eget, tincidunt eget, tempus vel, pede. Morbi porttitor lorem id ligula. Suspendisse ornare consequat lectus.',
        1262, 0.47, 3);
insert into books (id, pub_date, is_bestseller, slug, title, image, description, price, discount, rating)
values (82, '2017/02/08', 0, 'book-rdu-969', 'London - The Modern Babylon ',
        'http://dummyimage.com/397x488.png/ff4444/ffffff',
        'Lorem ipsum dolor sit amet, consectetuer adipiscing elit. Proin risus. Praesent lectus. Vestibulum quam sapien, varius ut, blandit non, interdum in, ante. Vestibulum ante ipsum primis in faucibus orci luctus et ultrices posuere cubilia Curae; Duis faucibus accumsan odio. Curabitur convallis.',
        1187, 0.48, 3);
insert into books (id, pub_date, is_bestseller, slug, title, image, description, price, discount, rating)
values (83, '2011/10/02', 0, 'book-qhx-236', 'Ice Pirates, The', 'http://dummyimage.com/508x531.png/5fa2dd/ffffff',
        'In hac habitasse platea dictumst. Etiam faucibus cursus urna. Ut tellus. Nulla ut erat id mauris vulputate elementum. Nullam varius.',
        115, 0.15, 3);
insert into books (id, pub_date, is_bestseller, slug, title, image, description, price, discount, rating)
values (84, '2016/01/29', 1, 'book-jea-525', 'Mystery on Monster Island',
        'http://dummyimage.com/433x762.png/dddddd/000000',
        'Suspendisse potenti. Nullam porttitor lacus at turpis. Donec posuere metus vitae ipsum. Aliquam non mauris. Morbi non lectus.',
        1968, 0.34, 5);
insert into books (id, pub_date, is_bestseller, slug, title, image, description, price, discount, rating)
values (85, '2014/11/26', 1, 'book-glc-188', 'Australian Atomic Confessions',
        'http://dummyimage.com/517x657.png/dddddd/000000',
        'Pellentesque ultrices mattis odio. Donec vitae nisi. Nam ultrices, libero non mattis pulvinar, nulla pede ullamcorper augue, a suscipit nulla elit ac nulla. Sed vel enim sit amet nunc viverra dapibus. Nulla suscipit ligula in lacus.',
        236, 0.18, 3);
insert into books (id, pub_date, is_bestseller, slug, title, image, description, price, discount, rating)
values (86, '2018/03/24', 1, 'book-kqg-850', 'Crazy in Alabama', 'http://dummyimage.com/331x607.png/5fa2dd/ffffff',
        'Morbi vel lectus in quam fringilla rhoncus. Mauris enim leo, rhoncus sed, vestibulum sit amet, cursus id, turpis. Integer aliquet, massa id lobortis convallis, tortor risus dapibus augue, vel accumsan tellus nisi eu orci. Mauris lacinia sapien quis libero. Nullam sit amet turpis elementum ligula vehicula consequat.',
        1029, 0.22, 1);
insert into books (id, pub_date, is_bestseller, slug, title, image, description, price, discount, rating)
values (87, '2015/01/10', 1, 'book-uyt-691', 'RoboCop 3', 'http://dummyimage.com/737x259.png/cc0000/ffffff',
        'Fusce consequat. Nulla nisl. Nunc nisl. Duis bibendum, felis sed interdum venenatis, turpis enim blandit mi, in porttitor pede justo eu massa. Donec dapibus. Duis at velit eu est congue elementum.',
        1523, 0.08, 2);
insert into books (id, pub_date, is_bestseller, slug, title, image, description, price, discount, rating)
values (88, '2013/08/03', 1, 'book-zld-261', 'Barbary Coast', 'http://dummyimage.com/331x349.png/dddddd/000000',
        'Praesent id massa id nisl venenatis lacinia. Aenean sit amet justo. Morbi ut odio. Cras mi pede, malesuada in, imperdiet et, commodo vulputate, justo. In blandit ultrices enim.',
        1603, 0.35, 4);
insert into books (id, pub_date, is_bestseller, slug, title, image, description, price, discount, rating)
values (89, '2012/02/19', 0, 'book-zfd-918', '2 Guns', 'http://dummyimage.com/598x720.png/cc0000/ffffff',
        'Nulla tellus. In sagittis dui vel nisl. Duis ac nibh. Fusce lacus purus, aliquet at, feugiat non, pretium quis, lectus. Suspendisse potenti.',
        1055, 0.38, 4);
insert into books (id, pub_date, is_bestseller, slug, title, image, description, price, discount, rating)
values (90, '2016/10/12', 0, 'book-hrx-597', 'Muppets Take Manhattan, The',
        'http://dummyimage.com/780x717.png/cc0000/ffffff',
        'Aliquam erat volutpat. In congue. Etiam justo. Etiam pretium iaculis justo. In hac habitasse platea dictumst. Etiam faucibus cursus urna.',
        2369, 0.39, 3);
insert into books (id, pub_date, is_bestseller, slug, title, image, description, price, discount, rating)
values (91, '2013/07/21', 1, 'book-qxh-509', 'Fiendish Plot of Dr. Fu Manchu, The',
        'http://dummyimage.com/679x616.png/5fa2dd/ffffff',
        'Fusce congue, diam id ornare imperdiet, sapien urna pretium nisl, ut volutpat sapien arcu sed augue. Aliquam erat volutpat. In congue. Etiam justo. Etiam pretium iaculis justo.',
        915, 0.23, 3);
insert into books (id, pub_date, is_bestseller, slug, title, image, description, price, discount, rating)
values (92, '2014/07/23', 0, 'book-acx-162', 'Dorado, El', 'http://dummyimage.com/510x311.png/dddddd/000000',
        'Suspendisse potenti. Cras in purus eu magna vulputate luctus. Cum sociis natoque penatibus et magnis dis parturient montes, nascetur ridiculus mus. Vivamus vestibulum sagittis sapien. Cum sociis natoque penatibus et magnis dis parturient montes, nascetur ridiculus mus. Etiam vel augue.',
        978, 0.18, 4);
insert into books (id, pub_date, is_bestseller, slug, title, image, description, price, discount, rating)
values (93, '2014/11/12', 0, 'book-mhk-412', 'Woman in the Meadow (Nainen kedolla)',
        'http://dummyimage.com/719x459.png/dddddd/000000',
        'Integer ac leo. Pellentesque ultrices mattis odio. Donec vitae nisi. Nam ultrices, libero non mattis pulvinar, nulla pede ullamcorper augue, a suscipit nulla elit ac nulla. Sed vel enim sit amet nunc viverra dapibus.',
        1763, 0.26, 2);
insert into books (id, pub_date, is_bestseller, slug, title, image, description, price, discount, rating)
values (94, '2020/03/23', 0, 'book-dwk-636', 'Flight of the Phoenix', 'http://dummyimage.com/590x387.png/ff4444/ffffff',
        'In congue. Etiam justo. Etiam pretium iaculis justo. In hac habitasse platea dictumst. Etiam faucibus cursus urna.',
        1006, 0.18, 1);
insert into books (id, pub_date, is_bestseller, slug, title, image, description, price, discount, rating)
values (95, '2012/11/19', 1, 'book-phr-379', 'Kingdom Come', 'http://dummyimage.com/264x371.png/cc0000/ffffff',
        'Nulla mollis molestie lorem. Quisque ut erat. Curabitur gravida nisi at nibh. In hac habitasse platea dictumst. Aliquam augue quam, sollicitudin vitae, consectetuer eget, rutrum at, lorem.',
        655, 0.08, 2);
insert into books (id, pub_date, is_bestseller, slug, title, image, description, price, discount, rating)
values (96, '2011/05/23', 0, 'book-xqn-369', 'Arctic Tale', 'http://dummyimage.com/281x679.png/cc0000/ffffff',
        'Vestibulum ante ipsum primis in faucibus orci luctus et ultrices posuere cubilia Curae; Donec pharetra, magna vestibulum aliquet ultrices, erat tortor sollicitudin mi, sit amet lobortis sapien sapien non mi. Integer ac neque. Duis bibendum. Morbi non quam nec dui luctus rutrum. Nulla tellus. In sagittis dui vel nisl.',
        1739, 0.11, 4);
insert into books (id, pub_date, is_bestseller, slug, title, image, description, price, discount, rating)
values (97, '2019/09/23', 1, 'book-pqb-263', 'Beach Boys: An American Family, The',
        'http://dummyimage.com/622x635.png/dddddd/000000',
        'Duis ac nibh. Fusce lacus purus, aliquet at, feugiat non, pretium quis, lectus. Suspendisse potenti. In eleifend quam a odio. In hac habitasse platea dictumst.',
        1808, 0.07, 0);
insert into books (id, pub_date, is_bestseller, slug, title, image, description, price, discount, rating)
values (98, '2012/11/14', 0, 'book-xtk-196', 'Nuns on the Run', 'http://dummyimage.com/400x340.png/5fa2dd/ffffff',
        'Maecenas pulvinar lobortis est. Phasellus sit amet erat. Nulla tempus. Vivamus in felis eu sapien cursus vestibulum. Proin eu mi.',
        1928, 0.12, 2);
insert into books (id, pub_date, is_bestseller, slug, title, image, description, price, discount, rating)
values (99, '2017/10/19', 0, 'book-bdq-089', 'Adventures of Zatoichi (Zatôichi sekisho yaburi) (Zatôichi 9)',
        'http://dummyimage.com/509x457.png/5fa2dd/ffffff',
        'Aliquam quis turpis eget elit sodales scelerisque. Mauris sit amet eros. Suspendisse accumsan tortor quis turpis. Sed ante. Vivamus tortor. Duis mattis egestas metus.',
        1059, 0.45, 1);
insert into books (id, pub_date, is_bestseller, slug, title, image, description, price, discount, rating)
values (100, '2018/07/25', 1, 'book-oqq-811', 'Disney Princess Collection: Jasmine''s Enchanted Tales: Jasmine''s Wish',
        'http://dummyimage.com/596x309.png/5fa2dd/ffffff',
        'Aliquam augue quam, sollicitudin vitae, consectetuer eget, rutrum at, lorem. Integer tincidunt ante vel ipsum. Praesent blandit lacinia erat. Vestibulum sed magna at nunc commodo placerat. Praesent blandit. Nam nulla.',
        1335, 0.45, 2);
insert into books (id, pub_date, is_bestseller, slug, title, image, description, price, discount, rating)
values (101, '2011/10/23', 0, 'book-epg-520', 'Kid, The', 'http://dummyimage.com/522x303.png/cc0000/ffffff',
        'Lorem ipsum dolor sit amet, consectetuer adipiscing elit. Proin interdum mauris non ligula pellentesque ultrices. Phasellus id sapien in sapien iaculis congue. Vivamus metus arcu, adipiscing molestie, hendrerit at, vulputate vitae, nisl. Aenean lectus. Pellentesque eget nunc.',
        1958, 0.18, 1);
insert into books (id, pub_date, is_bestseller, slug, title, image, description, price, discount, rating)
values (102, '2011/07/29', 0, 'book-wem-077', 'Children of the Corn III',
        'http://dummyimage.com/787x348.png/cc0000/ffffff',
        'Nunc rhoncus dui vel sem. Sed sagittis. Nam congue, risus semper porta volutpat, quam pede lobortis ligula, sit amet eleifend pede libero quis orci. Nullam molestie nibh in lectus. Pellentesque at nulla.',
        470, 0.07, 5);
insert into books (id, pub_date, is_bestseller, slug, title, image, description, price, discount, rating)
values (103, '2015/06/26', 0, 'book-dgh-289', 'Beauty #2', 'http://dummyimage.com/488x625.png/ff4444/ffffff',
        'Nulla neque libero, convallis eget, eleifend luctus, ultricies eu, nibh. Quisque id justo sit amet sapien dignissim vestibulum. Vestibulum ante ipsum primis in faucibus orci luctus et ultrices posuere cubilia Curae; Nulla dapibus dolor vel est. Donec odio justo, sollicitudin ut, suscipit a, feugiat et, eros. Vestibulum ac est lacinia nisi venenatis tristique.',
        729, 0.08, 4);
insert into books (id, pub_date, is_bestseller, slug, title, image, description, price, discount, rating)
values (104, '2014/01/05', 0, 'book-jsj-595', 'Little Buddha', 'http://dummyimage.com/480x748.png/ff4444/ffffff',
        'Duis aliquam convallis nunc. Proin at turpis a pede posuere nonummy. Integer non velit. Donec diam neque, vestibulum eget, vulputate ut, ultrices vel, augue. Vestibulum ante ipsum primis in faucibus orci luctus et ultrices posuere cubilia Curae; Donec pharetra, magna vestibulum aliquet ultrices, erat tortor sollicitudin mi, sit amet lobortis sapien sapien non mi.',
        2237, 0.2, 4);
insert into books (id, pub_date, is_bestseller, slug, title, image, description, price, discount, rating)
values (105, '2019/09/18', 0, 'book-nvu-281', 'Twilight Saga: Eclipse, The',
        'http://dummyimage.com/340x558.png/cc0000/ffffff',
        'Nullam sit amet turpis elementum ligula vehicula consequat. Morbi a ipsum. Integer a nibh. In quis justo. Maecenas rhoncus aliquam lacus.',
        1966, 0.11, 4);
insert into books (id, pub_date, is_bestseller, slug, title, image, description, price, discount, rating)
values (106, '2011/11/10', 0, 'book-bvx-645', 'The Circle', 'http://dummyimage.com/320x561.png/cc0000/ffffff',
        'Cras pellentesque volutpat dui. Maecenas tristique, est et tempus semper, est quam pharetra magna, ac consequat metus sapien ut nunc. Vestibulum ante ipsum primis in faucibus orci luctus et ultrices posuere cubilia Curae; Mauris viverra diam vitae quam. Suspendisse potenti. Nullam porttitor lacus at turpis.',
        1834, 0.3, 5);
insert into books (id, pub_date, is_bestseller, slug, title, image, description, price, discount, rating)
values (107, '2018/02/14', 1, 'book-ysz-335', '101 Dalmatians (One Hundred and One Dalmatians)',
        'http://dummyimage.com/571x773.png/dddddd/000000',
        'Etiam pretium iaculis justo. In hac habitasse platea dictumst. Etiam faucibus cursus urna. Ut tellus. Nulla ut erat id mauris vulputate elementum.',
        2373, 0.2, 5);
insert into books (id, pub_date, is_bestseller, slug, title, image, description, price, discount, rating)
values (108, '2018/07/11', 1, 'book-mjj-639', 'Stacy', 'http://dummyimage.com/681x566.png/dddddd/000000',
        'Aenean sit amet justo. Morbi ut odio. Cras mi pede, malesuada in, imperdiet et, commodo vulputate, justo. In blandit ultrices enim. Lorem ipsum dolor sit amet, consectetuer adipiscing elit.',
        257, 0.46, 5);
insert into books (id, pub_date, is_bestseller, slug, title, image, description, price, discount, rating)
values (109, '2013/05/21', 1, 'book-rdf-430', 'Foosball (Metegol)', 'http://dummyimage.com/455x384.png/dddddd/000000',
        'Duis aliquam convallis nunc. Proin at turpis a pede posuere nonummy. Integer non velit. Donec diam neque, vestibulum eget, vulputate ut, ultrices vel, augue. Vestibulum ante ipsum primis in faucibus orci luctus et ultrices posuere cubilia Curae; Donec pharetra, magna vestibulum aliquet ultrices, erat tortor sollicitudin mi, sit amet lobortis sapien sapien non mi. Integer ac neque.',
        1441, 0.32, 2);
insert into books (id, pub_date, is_bestseller, slug, title, image, description, price, discount, rating)
values (110, '2017/02/28', 0, 'book-wdb-071', 'Way Home, The (Jibeuro)',
        'http://dummyimage.com/326x776.png/5fa2dd/ffffff',
        'Proin eu mi. Nulla ac enim. In tempor, turpis nec euismod scelerisque, quam turpis adipiscing lorem, vitae mattis nibh ligula nec sem. Duis aliquam convallis nunc. Proin at turpis a pede posuere nonummy. Integer non velit.',
        652, 0.46, 4);
insert into books (id, pub_date, is_bestseller, slug, title, image, description, price, discount, rating)
values (111, '2019/01/04', 1, 'book-fan-852', 'Guardian, The', 'http://dummyimage.com/624x356.png/dddddd/000000',
        'Nullam porttitor lacus at turpis. Donec posuere metus vitae ipsum. Aliquam non mauris. Morbi non lectus. Aliquam sit amet diam in magna bibendum imperdiet. Nullam orci pede, venenatis non, sodales sed, tincidunt eu, felis.',
        867, 0.42, 5);
insert into books (id, pub_date, is_bestseller, slug, title, image, description, price, discount, rating)
values (112, '2014/05/16', 0, 'book-vyq-165', 'Fly Me to the Moon', 'http://dummyimage.com/285x687.png/ff4444/ffffff',
        'In hac habitasse platea dictumst. Etiam faucibus cursus urna. Ut tellus. Nulla ut erat id mauris vulputate elementum. Nullam varius.',
        2152, 0.44, 5);
insert into books (id, pub_date, is_bestseller, slug, title, image, description, price, discount, rating)
values (113, '2021/04/10', 1, 'book-kbi-291', 'Ossessione', 'http://dummyimage.com/661x766.png/5fa2dd/ffffff',
        'Vestibulum ante ipsum primis in faucibus orci luctus et ultrices posuere cubilia Curae; Donec pharetra, magna vestibulum aliquet ultrices, erat tortor sollicitudin mi, sit amet lobortis sapien sapien non mi. Integer ac neque. Duis bibendum. Morbi non quam nec dui luctus rutrum. Nulla tellus. In sagittis dui vel nisl.',
        539, 0.1, 1);
insert into books (id, pub_date, is_bestseller, slug, title, image, description, price, discount, rating)
values (114, '2013/09/08', 0, 'book-qmb-567', 'Extraordinary Adventures of Adèle Blanc-Sec, The',
        'http://dummyimage.com/582x608.png/ff4444/ffffff',
        'In hac habitasse platea dictumst. Aliquam augue quam, sollicitudin vitae, consectetuer eget, rutrum at, lorem. Integer tincidunt ante vel ipsum. Praesent blandit lacinia erat. Vestibulum sed magna at nunc commodo placerat.',
        1659, 0.18, 3);
insert into books (id, pub_date, is_bestseller, slug, title, image, description, price, discount, rating)
values (115, '2020/07/15', 0, 'book-ogs-220', 'Bar Girls', 'http://dummyimage.com/424x315.png/dddddd/000000',
        'Praesent blandit. Nam nulla. Integer pede justo, lacinia eget, tincidunt eget, tempus vel, pede. Morbi porttitor lorem id ligula. Suspendisse ornare consequat lectus. In est risus, auctor sed, tristique in, tempus sit amet, sem.',
        1687, 0.29, 0);
insert into books (id, pub_date, is_bestseller, slug, title, image, description, price, discount, rating)
values (116, '2017/02/04', 0, 'book-dak-777', 'Ball of Fire', 'http://dummyimage.com/554x407.png/ff4444/ffffff',
        'Nunc rhoncus dui vel sem. Sed sagittis. Nam congue, risus semper porta volutpat, quam pede lobortis ligula, sit amet eleifend pede libero quis orci. Nullam molestie nibh in lectus. Pellentesque at nulla.',
        2304, 0.22, 3);
insert into books (id, pub_date, is_bestseller, slug, title, image, description, price, discount, rating)
values (117, '2019/07/05', 0, 'book-edk-149', 'Latitude Zero (Ido zero daisakusen)',
        'http://dummyimage.com/676x262.png/5fa2dd/ffffff',
        'Cras pellentesque volutpat dui. Maecenas tristique, est et tempus semper, est quam pharetra magna, ac consequat metus sapien ut nunc. Vestibulum ante ipsum primis in faucibus orci luctus et ultrices posuere cubilia Curae; Mauris viverra diam vitae quam. Suspendisse potenti. Nullam porttitor lacus at turpis. Donec posuere metus vitae ipsum.',
        1523, 0.19, 5);
insert into books (id, pub_date, is_bestseller, slug, title, image, description, price, discount, rating)
values (118, '2010/12/19', 1, 'book-awm-958', 'Amityville II: The Possession',
        'http://dummyimage.com/319x406.png/ff4444/ffffff',
        'Donec dapibus. Duis at velit eu est congue elementum. In hac habitasse platea dictumst. Morbi vestibulum, velit id pretium iaculis, diam erat fermentum justo, nec condimentum neque sapien placerat ante. Nulla justo. Aliquam quis turpis eget elit sodales scelerisque.',
        1042, 0.19, 1);
insert into books (id, pub_date, is_bestseller, slug, title, image, description, price, discount, rating)
values (119, '2011/03/24', 1, 'book-zmx-055', 'Beast, The (La bête)', 'http://dummyimage.com/605x400.png/cc0000/ffffff',
        'In sagittis dui vel nisl. Duis ac nibh. Fusce lacus purus, aliquet at, feugiat non, pretium quis, lectus. Suspendisse potenti. In eleifend quam a odio. In hac habitasse platea dictumst.',
        1093, 0.48, 5);
insert into books (id, pub_date, is_bestseller, slug, title, image, description, price, discount, rating)
values (120, '2014/10/20', 0, 'book-fiw-587', 'Corvette Summer', 'http://dummyimage.com/405x652.png/ff4444/ffffff',
        'Integer ac leo. Pellentesque ultrices mattis odio. Donec vitae nisi. Nam ultrices, libero non mattis pulvinar, nulla pede ullamcorper augue, a suscipit nulla elit ac nulla. Sed vel enim sit amet nunc viverra dapibus.',
        1954, 0.08, 1);
insert into books (id, pub_date, is_bestseller, slug, title, image, description, price, discount, rating)
values (121, '2015/08/21', 0, 'book-eli-964', 'Beginning of the End', 'http://dummyimage.com/701x550.png/dddddd/000000',
        'Donec semper sapien a libero. Nam dui. Proin leo odio, porttitor id, consequat in, consequat ut, nulla. Sed accumsan felis. Ut at dolor quis odio consequat varius.',
        481, 0.46, 1);
insert into books (id, pub_date, is_bestseller, slug, title, image, description, price, discount, rating)
values (122, '2013/04/11', 0, 'book-yql-387', 'Body Parts', 'http://dummyimage.com/655x452.png/5fa2dd/ffffff',
        'Sed vel enim sit amet nunc viverra dapibus. Nulla suscipit ligula in lacus. Curabitur at ipsum ac tellus semper interdum. Mauris ullamcorper purus sit amet nulla. Quisque arcu libero, rutrum ac, lobortis vel, dapibus at, diam. Nam tristique tortor eu pede.',
        945, 0.14, 5);
insert into books (id, pub_date, is_bestseller, slug, title, image, description, price, discount, rating)
values (123, '2014/03/05', 1, 'book-znl-774', 'Martin Lawrence Live: Runteldat',
        'http://dummyimage.com/766x521.png/cc0000/ffffff',
        'Vivamus metus arcu, adipiscing molestie, hendrerit at, vulputate vitae, nisl. Aenean lectus. Pellentesque eget nunc. Donec quis orci eget orci vehicula condimentum. Curabitur in libero ut massa volutpat convallis.',
        1627, 0.46, 2);
insert into books (id, pub_date, is_bestseller, slug, title, image, description, price, discount, rating)
values (124, '2013/09/09', 0, 'book-yul-208', 'Innocent, The', 'http://dummyimage.com/650x743.png/5fa2dd/ffffff',
        'Nullam porttitor lacus at turpis. Donec posuere metus vitae ipsum. Aliquam non mauris. Morbi non lectus. Aliquam sit amet diam in magna bibendum imperdiet.',
        132, 0.06, 1);
insert into books (id, pub_date, is_bestseller, slug, title, image, description, price, discount, rating)
values (125, '2017/09/20', 0, 'book-uia-809', 'Neighbors', 'http://dummyimage.com/748x746.png/5fa2dd/ffffff',
        'Cras mi pede, malesuada in, imperdiet et, commodo vulputate, justo. In blandit ultrices enim. Lorem ipsum dolor sit amet, consectetuer adipiscing elit. Proin interdum mauris non ligula pellentesque ultrices. Phasellus id sapien in sapien iaculis congue. Vivamus metus arcu, adipiscing molestie, hendrerit at, vulputate vitae, nisl.',
        2082, 0.44, 2);
insert into books (id, pub_date, is_bestseller, slug, title, image, description, price, discount, rating)
values (126, '2020/08/12', 0, 'book-rwn-603', 'Christine Jorgensen Story, The',
        'http://dummyimage.com/517x544.png/cc0000/ffffff',
        'Quisque porta volutpat erat. Quisque erat eros, viverra eget, congue eget, semper rutrum, nulla. Nunc purus. Phasellus in felis. Donec semper sapien a libero.',
        2030, 0.49, 5);
insert into books (id, pub_date, is_bestseller, slug, title, image, description, price, discount, rating)
values (127, '2014/05/16', 0, 'book-qmz-104', 'We Still Kill the Old Way',
        'http://dummyimage.com/694x575.png/dddddd/000000',
        'Nullam varius. Nulla facilisi. Cras non velit nec nisi vulputate nonummy. Maecenas tincidunt lacus at velit. Vivamus vel nulla eget eros elementum pellentesque.',
        544, 0.42, 0);
insert into books (id, pub_date, is_bestseller, slug, title, image, description, price, discount, rating)
values (128, '2013/05/27', 1, 'book-ryl-897', 'My Awkward Sexual Adventure',
        'http://dummyimage.com/484x663.png/ff4444/ffffff',
        'Nam dui. Proin leo odio, porttitor id, consequat in, consequat ut, nulla. Sed accumsan felis. Ut at dolor quis odio consequat varius. Integer ac leo.',
        1216, 0.16, 2);
insert into books (id, pub_date, is_bestseller, slug, title, image, description, price, discount, rating)
values (129, '2016/10/20', 1, 'book-blw-283', 'Cutthroat Island', 'http://dummyimage.com/331x454.png/5fa2dd/ffffff',
        'Curabitur gravida nisi at nibh. In hac habitasse platea dictumst. Aliquam augue quam, sollicitudin vitae, consectetuer eget, rutrum at, lorem. Integer tincidunt ante vel ipsum. Praesent blandit lacinia erat.',
        214, 0.36, 1);
insert into books (id, pub_date, is_bestseller, slug, title, image, description, price, discount, rating)
values (130, '2020/09/17', 0, 'book-vso-520', 'Atomic Cafe, The', 'http://dummyimage.com/446x762.png/ff4444/ffffff',
        'Nulla neque libero, convallis eget, eleifend luctus, ultricies eu, nibh. Quisque id justo sit amet sapien dignissim vestibulum. Vestibulum ante ipsum primis in faucibus orci luctus et ultrices posuere cubilia Curae; Nulla dapibus dolor vel est. Donec odio justo, sollicitudin ut, suscipit a, feugiat et, eros. Vestibulum ac est lacinia nisi venenatis tristique. Fusce congue, diam id ornare imperdiet, sapien urna pretium nisl, ut volutpat sapien arcu sed augue.',
        576, 0.15, 0);
insert into books (id, pub_date, is_bestseller, slug, title, image, description, price, discount, rating)
values (131, '2016/06/06', 0, 'book-ckt-559', 'Intruder, The', 'http://dummyimage.com/389x790.png/5fa2dd/ffffff',
        'Suspendisse ornare consequat lectus. In est risus, auctor sed, tristique in, tempus sit amet, sem. Fusce consequat. Nulla nisl. Nunc nisl.',
        809, 0.43, 3);
insert into books (id, pub_date, is_bestseller, slug, title, image, description, price, discount, rating)
values (132, '2011/03/14', 0, 'book-hbf-941', 'Questioning Darwin', 'http://dummyimage.com/619x635.png/cc0000/ffffff',
        'Quisque erat eros, viverra eget, congue eget, semper rutrum, nulla. Nunc purus. Phasellus in felis. Donec semper sapien a libero. Nam dui.',
        983, 0.21, 4);
insert into books (id, pub_date, is_bestseller, slug, title, image, description, price, discount, rating)
values (133, '2019/05/22', 0, 'book-amc-304', 'Carey Treatment, The', 'http://dummyimage.com/260x755.png/cc0000/ffffff',
        'Duis bibendum. Morbi non quam nec dui luctus rutrum. Nulla tellus. In sagittis dui vel nisl. Duis ac nibh.',
        774, 0.49, 5);
insert into books (id, pub_date, is_bestseller, slug, title, image, description, price, discount, rating)
values (134, '2016/08/01', 0, 'book-jyp-097', 'Spring Breakdown', 'http://dummyimage.com/294x364.png/5fa2dd/ffffff',
        'Curabitur in libero ut massa volutpat convallis. Morbi odio odio, elementum eu, interdum eu, tincidunt in, leo. Maecenas pulvinar lobortis est. Phasellus sit amet erat. Nulla tempus. Vivamus in felis eu sapien cursus vestibulum.',
        1975, 0.5, 0);
insert into books (id, pub_date, is_bestseller, slug, title, image, description, price, discount, rating)
values (135, '2016/01/22', 0, 'book-wtv-961', 'Head On', 'http://dummyimage.com/515x631.png/ff4444/ffffff',
        'Fusce congue, diam id ornare imperdiet, sapien urna pretium nisl, ut volutpat sapien arcu sed augue. Aliquam erat volutpat. In congue. Etiam justo. Etiam pretium iaculis justo. In hac habitasse platea dictumst.',
        2037, 0.29, 4);
insert into books (id, pub_date, is_bestseller, slug, title, image, description, price, discount, rating)
values (136, '2013/01/05', 0, 'book-bua-735', 'Wimbledon', 'http://dummyimage.com/554x353.png/5fa2dd/ffffff',
        'Nunc nisl. Duis bibendum, felis sed interdum venenatis, turpis enim blandit mi, in porttitor pede justo eu massa. Donec dapibus. Duis at velit eu est congue elementum. In hac habitasse platea dictumst. Morbi vestibulum, velit id pretium iaculis, diam erat fermentum justo, nec condimentum neque sapien placerat ante.',
        1315, 0.08, 3);
insert into books (id, pub_date, is_bestseller, slug, title, image, description, price, discount, rating)
values (137, '2016/10/30', 0, 'book-yma-374', 'La Bande du drugstore',
        'http://dummyimage.com/575x757.png/5fa2dd/ffffff',
        'Sed accumsan felis. Ut at dolor quis odio consequat varius. Integer ac leo. Pellentesque ultrices mattis odio. Donec vitae nisi. Nam ultrices, libero non mattis pulvinar, nulla pede ullamcorper augue, a suscipit nulla elit ac nulla.',
        1928, 0.43, 0);
insert into books (id, pub_date, is_bestseller, slug, title, image, description, price, discount, rating)
values (138, '2010/09/17', 0, 'book-bhw-108', 'Loose Cannons', 'http://dummyimage.com/580x423.png/cc0000/ffffff',
        'Morbi porttitor lorem id ligula. Suspendisse ornare consequat lectus. In est risus, auctor sed, tristique in, tempus sit amet, sem. Fusce consequat. Nulla nisl.',
        2420, 0.21, 4);
insert into books (id, pub_date, is_bestseller, slug, title, image, description, price, discount, rating)
values (139, '2011/05/26', 1, 'book-soa-710', 'Little Voice', 'http://dummyimage.com/442x476.png/dddddd/000000',
        'Etiam pretium iaculis justo. In hac habitasse platea dictumst. Etiam faucibus cursus urna. Ut tellus. Nulla ut erat id mauris vulputate elementum. Nullam varius.',
        1849, 0.06, 3);
insert into books (id, pub_date, is_bestseller, slug, title, image, description, price, discount, rating)
values (140, '2014/06/07', 1, 'book-qaj-362', 'Phoebe in Wonderland', 'http://dummyimage.com/262x715.png/5fa2dd/ffffff',
        'Aenean auctor gravida sem. Praesent id massa id nisl venenatis lacinia. Aenean sit amet justo. Morbi ut odio. Cras mi pede, malesuada in, imperdiet et, commodo vulputate, justo. In blandit ultrices enim.',
        293, 0.08, 2);
insert into books (id, pub_date, is_bestseller, slug, title, image, description, price, discount, rating)
values (141, '2016/04/19', 1, 'book-dje-667', 'Story of the Weeping Camel, The (Geschichte vom weinenden Kamel, Die)',
        'http://dummyimage.com/368x720.png/cc0000/ffffff',
        'Cras mi pede, malesuada in, imperdiet et, commodo vulputate, justo. In blandit ultrices enim. Lorem ipsum dolor sit amet, consectetuer adipiscing elit. Proin interdum mauris non ligula pellentesque ultrices. Phasellus id sapien in sapien iaculis congue. Vivamus metus arcu, adipiscing molestie, hendrerit at, vulputate vitae, nisl.',
        313, 0.39, 2);
insert into books (id, pub_date, is_bestseller, slug, title, image, description, price, discount, rating)
values (142, '2019/02/26', 0, 'book-wda-223', 'Hadewijch', 'http://dummyimage.com/641x609.png/ff4444/ffffff',
        'Integer tincidunt ante vel ipsum. Praesent blandit lacinia erat. Vestibulum sed magna at nunc commodo placerat. Praesent blandit. Nam nulla.',
        1784, 0.49, 1);
insert into books (id, pub_date, is_bestseller, slug, title, image, description, price, discount, rating)
values (143, '2019/05/25', 0, 'book-wcf-911', 'Red Chapel (Røde kapel)',
        'http://dummyimage.com/784x558.png/ff4444/ffffff',
        'Proin risus. Praesent lectus. Vestibulum quam sapien, varius ut, blandit non, interdum in, ante. Vestibulum ante ipsum primis in faucibus orci luctus et ultrices posuere cubilia Curae; Duis faucibus accumsan odio. Curabitur convallis.',
        920, 0.24, 2);
insert into books (id, pub_date, is_bestseller, slug, title, image, description, price, discount, rating)
values (144, '2013/11/07', 1, 'book-uyv-976', 'Ajami', 'http://dummyimage.com/424x326.png/ff4444/ffffff',
        'Maecenas pulvinar lobortis est. Phasellus sit amet erat. Nulla tempus. Vivamus in felis eu sapien cursus vestibulum. Proin eu mi. Nulla ac enim.',
        1913, 0.2, 5);
insert into books (id, pub_date, is_bestseller, slug, title, image, description, price, discount, rating)
values (145, '2016/09/12', 1, 'book-tod-130', 'Page Eight', 'http://dummyimage.com/511x607.png/cc0000/ffffff',
        'Donec quis orci eget orci vehicula condimentum. Curabitur in libero ut massa volutpat convallis. Morbi odio odio, elementum eu, interdum eu, tincidunt in, leo. Maecenas pulvinar lobortis est. Phasellus sit amet erat.',
        310, 0.5, 1);
insert into books (id, pub_date, is_bestseller, slug, title, image, description, price, discount, rating)
values (146, '2011/06/28', 0, 'book-pth-594', 'Buster', 'http://dummyimage.com/311x457.png/ff4444/ffffff',
        'Nulla tellus. In sagittis dui vel nisl. Duis ac nibh. Fusce lacus purus, aliquet at, feugiat non, pretium quis, lectus. Suspendisse potenti. In eleifend quam a odio.',
        1561, 0.12, 4);
insert into books (id, pub_date, is_bestseller, slug, title, image, description, price, discount, rating)
values (147, '2020/06/21', 1, 'book-hnr-277', 'Maleficent', 'http://dummyimage.com/265x569.png/5fa2dd/ffffff',
        'In blandit ultrices enim. Lorem ipsum dolor sit amet, consectetuer adipiscing elit. Proin interdum mauris non ligula pellentesque ultrices. Phasellus id sapien in sapien iaculis congue. Vivamus metus arcu, adipiscing molestie, hendrerit at, vulputate vitae, nisl. Aenean lectus.',
        1587, 0.4, 5);
insert into books (id, pub_date, is_bestseller, slug, title, image, description, price, discount, rating)
values (148, '2012/05/02', 0, 'book-yqg-366', 'Broken Kingdom', 'http://dummyimage.com/711x600.png/ff4444/ffffff',
        'Donec ut mauris eget massa tempor convallis. Nulla neque libero, convallis eget, eleifend luctus, ultricies eu, nibh. Quisque id justo sit amet sapien dignissim vestibulum. Vestibulum ante ipsum primis in faucibus orci luctus et ultrices posuere cubilia Curae; Nulla dapibus dolor vel est. Donec odio justo, sollicitudin ut, suscipit a, feugiat et, eros. Vestibulum ac est lacinia nisi venenatis tristique.',
        1365, 0.33, 1);
insert into books (id, pub_date, is_bestseller, slug, title, image, description, price, discount, rating)
values (149, '2013/01/01', 1, 'book-iop-759', 'Through the Olive Trees (Zire darakhatan zeyton)',
        'http://dummyimage.com/290x704.png/dddddd/000000',
        'Vestibulum quam sapien, varius ut, blandit non, interdum in, ante. Vestibulum ante ipsum primis in faucibus orci luctus et ultrices posuere cubilia Curae; Duis faucibus accumsan odio. Curabitur convallis. Duis consequat dui nec nisi volutpat eleifend. Donec ut dolor. Morbi vel lectus in quam fringilla rhoncus.',
        2342, 0.15, 4);
insert into books (id, pub_date, is_bestseller, slug, title, image, description, price, discount, rating)
values (150, '2012/02/07', 0, 'book-zzw-507', 'That Certain Woman', 'http://dummyimage.com/664x475.png/ff4444/ffffff',
        'Vivamus metus arcu, adipiscing molestie, hendrerit at, vulputate vitae, nisl. Aenean lectus. Pellentesque eget nunc. Donec quis orci eget orci vehicula condimentum. Curabitur in libero ut massa volutpat convallis. Morbi odio odio, elementum eu, interdum eu, tincidunt in, leo.',
        1849, 0.12, 5);

insert into book2genre (genre_id, book_id)
values (1, 1);
insert into book2genre (genre_id, book_id)
values (1, 2);
insert into book2genre (genre_id, book_id)
values (1, 3);
insert into book2genre (genre_id, book_id)
values (1, 4);
insert into book2genre (genre_id, book_id)
values (1, 5);
insert into book2genre (genre_id, book_id)
values (1, 6);
insert into book2genre (genre_id, book_id)
values (1, 7);
insert into book2genre (genre_id, book_id)
values (1, 8);
insert into book2genre (genre_id, book_id)
values (1, 9);
insert into book2genre (genre_id, book_id)
values (1, 10);
insert into book2genre (genre_id, book_id)
values (1, 11);
insert into book2genre (genre_id, book_id)
values (1, 12);
insert into book2genre (genre_id, book_id)
values (1, 13);
insert into book2genre (genre_id, book_id)
values (1, 14);
insert into book2genre (genre_id, book_id)
values (1, 15);
insert into book2genre (genre_id, book_id)
values (1, 16);
insert into book2genre (genre_id, book_id)
values (1, 17);
insert into book2genre (genre_id, book_id)
values (1, 18);
insert into book2genre (genre_id, book_id)
values (1, 19);
insert into book2genre (genre_id, book_id)
values (1, 20);
insert into book2genre (genre_id, book_id)
values (2, 21);
insert into book2genre (genre_id, book_id)
values (2, 22);
insert into book2genre (genre_id, book_id)
values (2, 23);
insert into book2genre (genre_id, book_id)
values (2, 24);
insert into book2genre (genre_id, book_id)
values (2, 25);
insert into book2genre (genre_id, book_id)
values (2, 26);
insert into book2genre (genre_id, book_id)
values (2, 27);
insert into book2genre (genre_id, book_id)
values (2, 28);
insert into book2genre (genre_id, book_id)
values (2, 29);
insert into book2genre (genre_id, book_id)
values (2, 30);
insert into book2genre (genre_id, book_id)
values (2, 31);
insert into book2genre (genre_id, book_id)
values (2, 32);
insert into book2genre (genre_id, book_id)
values (2, 33);
insert into book2genre (genre_id, book_id)
values (2, 34);
insert into book2genre (genre_id, book_id)
values (2, 35);
insert into book2genre (genre_id, book_id)
values (2, 36);
insert into book2genre (genre_id, book_id)
values (2, 37);
insert into book2genre (genre_id, book_id)
values (2, 38);
insert into book2genre (genre_id, book_id)
values (2, 39);
insert into book2genre (genre_id, book_id)
values (2, 40);
insert into book2genre (genre_id, book_id)
values (3, 41);
insert into book2genre (genre_id, book_id)
values (3, 42);
insert into book2genre (genre_id, book_id)
values (3, 43);
insert into book2genre (genre_id, book_id)
values (3, 44);
insert into book2genre (genre_id, book_id)
values (3, 45);
insert into book2genre (genre_id, book_id)
values (3, 46);
insert into book2genre (genre_id, book_id)
values (3, 47);
insert into book2genre (genre_id, book_id)
values (3, 48);
insert into book2genre (genre_id, book_id)
values (3, 49);
insert into book2genre (genre_id, book_id)
values (3, 50);
insert into book2genre (genre_id, book_id)
values (3, 51);
insert into book2genre (genre_id, book_id)
values (3, 52);
insert into book2genre (genre_id, book_id)
values (3, 53);
insert into book2genre (genre_id, book_id)
values (3, 54);
insert into book2genre (genre_id, book_id)
values (3, 55);
insert into book2genre (genre_id, book_id)
values (3, 56);
insert into book2genre (genre_id, book_id)
values (3, 57);
insert into book2genre (genre_id, book_id)
values (3, 58);
insert into book2genre (genre_id, book_id)
values (3, 59);
insert into book2genre (genre_id, book_id)
values (3, 60);
insert into book2genre (genre_id, book_id)
values (4, 61);
insert into book2genre (genre_id, book_id)
values (4, 62);
insert into book2genre (genre_id, book_id)
values (4, 63);
insert into book2genre (genre_id, book_id)
values (4, 64);
insert into book2genre (genre_id, book_id)
values (4, 65);
insert into book2genre (genre_id, book_id)
values (4, 66);
insert into book2genre (genre_id, book_id)
values (4, 67);
insert into book2genre (genre_id, book_id)
values (4, 68);
insert into book2genre (genre_id, book_id)
values (4, 69);
insert into book2genre (genre_id, book_id)
values (4, 70);
insert into book2genre (genre_id, book_id)
values (4, 71);
insert into book2genre (genre_id, book_id)
values (4, 72);
insert into book2genre (genre_id, book_id)
values (4, 73);
insert into book2genre (genre_id, book_id)
values (4, 74);
insert into book2genre (genre_id, book_id)
values (4, 75);
insert into book2genre (genre_id, book_id)
values (4, 76);
insert into book2genre (genre_id, book_id)
values (4, 77);
insert into book2genre (genre_id, book_id)
values (4, 78);
insert into book2genre (genre_id, book_id)
values (4, 79);
insert into book2genre (genre_id, book_id)
values (4, 80);
insert into book2genre (genre_id, book_id)
values (5, 81);
insert into book2genre (genre_id, book_id)
values (5, 82);
insert into book2genre (genre_id, book_id)
values (5, 83);
insert into book2genre (genre_id, book_id)
values (5, 84);
insert into book2genre (genre_id, book_id)
values (5, 85);
insert into book2genre (genre_id, book_id)
values (5, 86);
insert into book2genre (genre_id, book_id)
values (5, 87);
insert into book2genre (genre_id, book_id)
values (5, 88);
insert into book2genre (genre_id, book_id)
values (5, 89);
insert into book2genre (genre_id, book_id)
values (5, 90);
insert into book2genre (genre_id, book_id)
values (5, 91);
insert into book2genre (genre_id, book_id)
values (5, 92);
insert into book2genre (genre_id, book_id)
values (5, 93);
insert into book2genre (genre_id, book_id)
values (5, 94);
insert into book2genre (genre_id, book_id)
values (5, 95);
insert into book2genre (genre_id, book_id)
values (5, 96);
insert into book2genre (genre_id, book_id)
values (5, 97);
insert into book2genre (genre_id, book_id)
values (5, 98);
insert into book2genre (genre_id, book_id)
values (5, 99);
insert into book2genre (genre_id, book_id)
values (5, 100);
insert into book2genre (genre_id, book_id)
values (6, 101);
insert into book2genre (genre_id, book_id)
values (6, 102);
insert into book2genre (genre_id, book_id)
values (6, 103);
insert into book2genre (genre_id, book_id)
values (6, 104);
insert into book2genre (genre_id, book_id)
values (6, 105);
insert into book2genre (genre_id, book_id)
values (6, 106);
insert into book2genre (genre_id, book_id)
values (6, 107);
insert into book2genre (genre_id, book_id)
values (6, 108);
insert into book2genre (genre_id, book_id)
values (6, 109);
insert into book2genre (genre_id, book_id)
values (6, 110);
insert into book2genre (genre_id, book_id)
values (6, 111);
insert into book2genre (genre_id, book_id)
values (6, 112);
insert into book2genre (genre_id, book_id)
values (6, 113);
insert into book2genre (genre_id, book_id)
values (6, 114);
insert into book2genre (genre_id, book_id)
values (6, 115);
insert into book2genre (genre_id, book_id)
values (6, 116);
insert into book2genre (genre_id, book_id)
values (6, 117);
insert into book2genre (genre_id, book_id)
values (6, 118);
insert into book2genre (genre_id, book_id)
values (6, 119);
insert into book2genre (genre_id, book_id)
values (6, 120);
insert into book2genre (genre_id, book_id)
values (7, 121);
insert into book2genre (genre_id, book_id)
values (7, 122);
insert into book2genre (genre_id, book_id)
values (7, 123);
insert into book2genre (genre_id, book_id)
values (7, 124);
insert into book2genre (genre_id, book_id)
values (7, 125);
insert into book2genre (genre_id, book_id)
values (7, 126);
insert into book2genre (genre_id, book_id)
values (7, 127);
insert into book2genre (genre_id, book_id)
values (7, 128);
insert into book2genre (genre_id, book_id)
values (7, 129);
insert into book2genre (genre_id, book_id)
values (7, 130);
insert into book2genre (genre_id, book_id)
values (7, 131);
insert into book2genre (genre_id, book_id)
values (7, 132);
insert into book2genre (genre_id, book_id)
values (7, 133);
insert into book2genre (genre_id, book_id)
values (7, 134);
insert into book2genre (genre_id, book_id)
values (7, 135);
insert into book2genre (genre_id, book_id)
values (7, 136);
insert into book2genre (genre_id, book_id)
values (7, 137);
insert into book2genre (genre_id, book_id)
values (7, 138);
insert into book2genre (genre_id, book_id)
values (7, 139);
insert into book2genre (genre_id, book_id)
values (7, 140);
insert into book2genre (genre_id, book_id)
values (8, 141);
insert into book2genre (genre_id, book_id)
values (8, 142);
insert into book2genre (genre_id, book_id)
values (8, 143);
insert into book2genre (genre_id, book_id)
values (8, 144);
insert into book2genre (genre_id, book_id)
values (8, 145);
insert into book2genre (genre_id, book_id)
values (8, 146);
insert into book2genre (genre_id, book_id)
values (8, 147);
insert into book2genre (genre_id, book_id)
values (8, 148);
insert into book2genre (genre_id, book_id)
values (8, 149);
insert into book2genre (genre_id, book_id)
values (8, 150);
insert into book2genre (genre_id, book_id)
values (8, 1);
insert into book2genre (genre_id, book_id)
values (8, 2);
insert into book2genre (genre_id, book_id)
values (8, 3);
insert into book2genre (genre_id, book_id)
values (8, 4);
insert into book2genre (genre_id, book_id)
values (8, 5);
insert into book2genre (genre_id, book_id)
values (8, 6);
insert into book2genre (genre_id, book_id)
values (8, 7);
insert into book2genre (genre_id, book_id)
values (8, 8);
insert into book2genre (genre_id, book_id)
values (8, 9);
insert into book2genre (genre_id, book_id)
values (8, 10);
insert into book2genre (genre_id, book_id)
values (9, 11);
insert into book2genre (genre_id, book_id)
values (9, 12);
insert into book2genre (genre_id, book_id)
values (9, 13);
insert into book2genre (genre_id, book_id)
values (9, 14);
insert into book2genre (genre_id, book_id)
values (9, 15);
insert into book2genre (genre_id, book_id)
values (9, 16);
insert into book2genre (genre_id, book_id)
values (9, 17);
insert into book2genre (genre_id, book_id)
values (9, 18);
insert into book2genre (genre_id, book_id)
values (9, 19);
insert into book2genre (genre_id, book_id)
values (9, 20);
insert into book2genre (genre_id, book_id)
values (9, 21);
insert into book2genre (genre_id, book_id)
values (9, 22);
insert into book2genre (genre_id, book_id)
values (9, 23);
insert into book2genre (genre_id, book_id)
values (9, 24);
insert into book2genre (genre_id, book_id)
values (9, 25);
insert into book2genre (genre_id, book_id)
values (9, 26);
insert into book2genre (genre_id, book_id)
values (9, 27);
insert into book2genre (genre_id, book_id)
values (9, 28);
insert into book2genre (genre_id, book_id)
values (9, 29);
insert into book2genre (genre_id, book_id)
values (9, 30);
insert into book2genre (genre_id, book_id)
values (10, 31);
insert into book2genre (genre_id, book_id)
values (10, 32);
insert into book2genre (genre_id, book_id)
values (10, 33);
insert into book2genre (genre_id, book_id)
values (10, 34);
insert into book2genre (genre_id, book_id)
values (10, 35);
insert into book2genre (genre_id, book_id)
values (10, 36);
insert into book2genre (genre_id, book_id)
values (10, 37);
insert into book2genre (genre_id, book_id)
values (10, 38);
insert into book2genre (genre_id, book_id)
values (10, 39);
insert into book2genre (genre_id, book_id)
values (10, 40);
insert into book2genre (genre_id, book_id)
values (10, 41);
insert into book2genre (genre_id, book_id)
values (10, 42);
insert into book2genre (genre_id, book_id)
values (10, 43);
insert into book2genre (genre_id, book_id)
values (10, 44);
insert into book2genre (genre_id, book_id)
values (10, 45);
insert into book2genre (genre_id, book_id)
values (10, 46);
insert into book2genre (genre_id, book_id)
values (10, 47);
insert into book2genre (genre_id, book_id)
values (10, 48);
insert into book2genre (genre_id, book_id)
values (10, 49);
insert into book2genre (genre_id, book_id)
values (10, 50);


